sequence,mean,worst,prob_catastrophic,prob_moderate_harm,prob_toxicity,var01,cvar01,var05,cvar05,var10,cvar10,var25,cvar25,wowa_mild,wowa_balanced,wowa_severe,robust20,viol_catastrophic,viol_toxicity,viol_moderate_harm,violation_score,feasible
spare|spare|spare|spare,2158.1982248000004,8652.6944,0.25108800000000003,0.12021600000000002,0.0,8589.220000000001,8611.374128128002,8542.2544,8570.715572608,8506.28,8547.842077568002,8128.780000000001,8333.781145600002,4413.080525271078,5322.991296231667,7095.003718285347,8385.031432,0.12108800000000003,0.0,0.0,121088.00000000003,False
spare|spare|spare|standard,1120.5144151040001,8679.100999999999,0.12021600000000002,0.07809600000000001,0.0,8609.329000000002,8630.69693824,8548.122,8584.2274457856,8160.954000000001,8483.057599200001,151.925,4137.3094748249605,2991.8152442724045,3911.2354802492005,6019.018724348235,5133.655593531201,0.0,0.0,0.0,0.0,True
spare|spare|spare|boost,1269.9126507840003,10314.5833,0.07809600000000001,0.26544480000000004,0.24000000000000002,10225.7473,10251.568729350402,8209.229800000001,9163.4115345664,2175.1472999999996,7363.654019433602,2159.7524999999996,4242.455643058176,3111.5849552500995,4024.7958404514825,6267.547188291187,4763.13142882272,0.0,0.0,0.0,0.0,True
spare|spare|spare|protect,5252.370842799999,8644.632800000001,0.6290319999999999,0.3325200000000001,0.0,8587.99,8609.197073536003,8552.5528,8574.766046463998,8522.5328,8552.898666521602,8495.91,8524.0192752,7028.448829811809,7467.025159007195,8171.893952983504,8531.046594,0.4990319999999999,0.0,0.0,499031.99999999994,False
spare|spare|standard|spare,1120.5144151040001,8679.100999999999,0.12021600000000002,0.07809600000000001,0.0,8609.329000000002,8630.69693824,8548.122,8584.2274457856,8160.954000000001,8483.057599200001,151.925,4137.3094748249605,2991.8152442724045,3911.2354802492005,6019.018724348235,5133.655593531201,0.0,0.0,0.0,0.0,True
spare|spare|standard|standard,1261.8650059520005,10305.5076,0.07809600000000001,0.26544480000000004,0.24000000000000002,10217.1996,10242.970877260801,8203.9896,9156.8314789632,2166.5995999999996,7356.967402995202,2148.83,4233.185678323713,3103.53708254398,4016.7629579902223,6259.592345741141,4754.274597904641,0.0,0.0,0.0,0.0,True
spare|spare|standard|boost,940.8662745600002,10340.989899999999,0.03348,0.25264032000000003,0.24000000000000002,8659.0374,9962.413352275202,2219.7699000000002,6677.121594095999,2206.6575000000003,4446.16779943968,2206.6575000000003,3102.461619775872,2179.0235328700105,2874.3714522144423,4736.519495528594,3326.41264971984,0.0,0.0,0.0,0.0,True
spare|spare|standard|protect,2842.3229140000003,8671.0394,0.3325200000000001,0.17433600000000005,0.0,8608.099,8628.519883648001,8558.4204,8587.2724724736,8533.8244,8566.8590560768,8145.48,8427.19140423168,5185.064198922586,6007.936241296263,7506.701716820892,8496.9169776544,0.2025200000000001,0.0,0.0,202520.0000000001,False
spare|spare|boost|spare,1269.9126507840003,10314.5833,0.07809600000000001,0.26544480000000004,0.24000000000000002,10225.7473,10251.568729350402,8209.229800000001,9163.4115345664,2175.1472999999996,7363.654019433602,2159.7524999999996,4242.455643058176,3111.5849552500995,4024.7958404514825,6267.547188291187,4763.13142882272,0.0,0.0,0.0,0.0,True
spare|spare|boost|standard,940.8662745600002,10340.989899999999,0.03348,0.25264032000000003,0.24000000000000002,8659.0374,9962.413352275202,2219.7699000000002,6677.121594095999,2206.6575000000003,4446.16779943968,2206.6575000000003,3102.461619775872,2179.0235328700105,2874.3714522144423,4736.519495528594,3326.41264971984,0.0,0.0,0.0,0.0,True
spare|spare|boost|boost,1169.9525058880001,10376.4722,0.016632,0.4072,0.4072,10225.1772,10289.41654176,2280.5962,4936.56302223232,2264.485,3603.66309154624,2264.485,2800.156236618496,2208.6233848135375,2748.719918975655,4170.766976232727,2934.0740457731204,0.0,0.06719999999999998,0.0,67199.99999999999,False
spare|spare|boost|protect,2033.5546839360002,10306.521700000001,0.17433600000000005,0.29935296000000006,0.24000000000000002,10224.2857,10247.566268473602,8601.164200000001,9944.69936557312,8550.5642,9256.993297702402,2123.8725,6781.940995094787,4413.4201369587945,5443.576588044844,7649.954734600292,7944.663978585602,0.04433600000000004,0.0,0.0,44336.000000000044,False
spare|spare|protect|spare,5252.370842799999,8644.632800000001,0.6290319999999999,0.3325200000000001,0.0,8587.99,8609.197073536003,8552.5528,8574.766046463998,8522.5328,8552.898666521602,8495.91,8524.0192752,7028.448829811809,7467.025159007195,8171.893952983504,8531.046594,0.4990319999999999,0.0,0.0,499031.99999999994,False
spare|spare|protect|standard,2842.3229140000003,8671.0394,0.3325200000000001,0.17433600000000005,0.0,8608.099,8628.519883648001,8558.4204,8587.2724724736,8533.8244,8566.8590560768,8145.48,8427.19140423168,5185.064198922586,6007.936241296263,7506.701716820892,8496.9169776544,0.2025200000000001,0.0,0.0,202520.0000000001,False
spare|spare|protect|boost,2033.5546839360002,10306.521700000001,0.17433600000000005,0.29935296000000006,0.24000000000000002,10224.2857,10247.566268473602,8601.164200000001,9944.69936557312,8550.5642,9256.993297702402,2123.8725,6781.940995094787,4413.4201369587945,5443.576588044844,7649.954734600292,7944.663978585602,0.04433600000000004,0.0,0.0,44336.000000000044,False
spare|spare|protect|protect,5366.3384639999995,8636.571199999998,0.6290319999999999,0.6290319999999999,0.0,8585.971199999998,8607.149912217601,8562.8512,8579.835197056,8527.339999999998,8556.742914467837,8512.251199999999,8532.563237657598,7118.106318166446,7542.3733008722875,8209.794394131173,8537.601977452798,0.4990319999999999,0.0,0.0,499031.99999999994,False
spare|standard|spare|spare,1120.5144151040001,8679.100999999999,0.12021600000000002,0.07809600000000001,0.0,8609.329000000002,8630.69693824,8548.122,8584.2274457856,8160.954000000001,8483.057599200001,151.925,4137.3094748249605,2991.8152442724045,3911.2354802492005,6019.018724348235,5133.655593531201,0.0,0.0,0.0,0.0,True
spare|standard|spare|standard,1261.8650059520005,10305.5076,0.07809600000000001,0.26544480000000004,0.24000000000000002,10217.1996,10242.970877260801,8203.9896,9156.8314789632,2166.5995999999996,7356.967402995202,2148.83,4233.185678323713,3103.53708254398,4016.7629579902223,6259.592345741141,4754.274597904641,0.0,0.0,0.0,0.0,True
spare|standard|spare|boost,940.8662745600002,10340.989899999999,0.03348,0.25264032000000003,0.24000000000000002,8659.0374,9962.413352275202,2219.7699000000002,6677.121594095999,2206.6575000000003,4446.16779943968,2206.6575000000003,3102.461619775872,2179.0235328700105,2874.3714522144423,4736.519495528594,3326.41264971984,0.0,0.0,0.0,0.0,True
spare|standard|spare|protect,2842.3229140000003,8671.0394,0.3325200000000001,0.17433600000000005,0.0,8608.099,8628.519883648001,8558.4204,8587.2724724736,8533.8244,8566.8590560768,8145.48,8427.19140423168,5185.064198922586,6007.936241296263,7506.701716820892,8496.9169776544,0.2025200000000001,0.0,0.0,202520.0000000001,False
spare|standard|standard|spare,1261.8650059520005,10305.5076,0.07809600000000001,0.26544480000000004,0.24000000000000002,10217.1996,10242.970877260801,8203.9896,9156.8314789632,2166.5995999999996,7356.967402995202,2148.83,4233.185678323713,3103.53708254398,4016.7629579902223,6259.592345741141,4754.274597904641,0.0,0.0,0.0,0.0,True
spare|standard|standard|standard,932.6614652480001,10331.9142,0.03348,0.25264032000000003,0.24000000000000002,8653.269199999999,9954.3616163456,2208.3182,6669.819493855999,2195.735,4437.164845466239,2195.735,3092.306938186496,2170.67537770675,2865.948598164125,4728.121710585917,3316.4499227331203,0.0,0.0,0.0,0.0,True
spare|standard|standard|boost,1161.5135021760002,10367.3965,0.016632,0.4072,0.4072,10219.409,10282.328093600001,2269.1445,4927.004801404801,2253.5625,3593.3196226512005,2253.5625,2789.46534906048,2199.74029880201,2739.647408115837,4161.5090290504795,2923.4410613256,0.0,0.06719999999999998,0.0,67199.99999999999,False
spare|standard|standard|protect,2025.986050208,10297.446,0.17433600000000005,0.29935296000000006,0.24000000000000002,10215.738000000001,10238.968416384003,8595.396,9936.617308185601,8544.796,9250.273505152003,2112.95,6774.844208652801,4405.9644162245095,5436.120727458958,7642.356368505816,7938.4195858208,0.04433600000000004,0.0,0.0,44336.000000000044,False
spare|standard|boost|spare,940.8662745600002,10340.989899999999,0.03348,0.25264032000000003,0.24000000000000002,8659.0374,9962.413352275202,2219.7699000000002,6677.121594095999,2206.6575000000003,4446.16779943968,2206.6575000000003,3102.461619775872,2179.0235328700105,2874.3714522144423,4736.519495528594,3326.41264971984,0.0,0.0,0.0,0.0,True
spare|standard|boost|standard,1161.5135021760002,10367.3965,0.016632,0.4072,0.4072,10219.409,10282.328093600001,2269.1445,4927.004801404801,2253.5625,3593.3196226512005,2253.5625,2789.46534906048,2199.74029880201,2739.647408115837,4161.5090290504795,2923.4410613256,0.0,0.06719999999999998,0.0,67199.99999999999,False
spare|standard|boost|boost,2265.846453856001,10402.878799999999,0.004752,1.0,1.0,2329.9708,6130.6365568,2329.9708,3090.10395136,2311.39,2701.9382873881596,2236.1488,2465.68660734976,2518.8841038558994,2679.7836014692302,3203.8919686200634,2506.66414369408,0.0,0.6599999999999999,0.18000000000000005,840000.0,False
spare|standard|boost|protect,1279.6271517600003,10332.928300000001,0.07809600000000001,0.26544480000000004,0.24000000000000002,10245.588300000001,10270.423587398402,8225.3958,9179.968434432001,2194.9883,7380.462057737602,2170.7774999999997,4255.895012161537,3123.7483513084526,4037.873289041519,6282.658077555708,4777.174390201922,0.0,0.0,0.0,0.0,True
spare|standard|protect|spare,2842.3229140000003,8671.0394,0.3325200000000001,0.17433600000000005,0.0,8608.099,8628.519883648001,8558.4204,8587.2724724736,8533.8244,8566.8590560768,8145.48,8427.19140423168,5185.064198922586,6007.936241296263,7506.701716820892,8496.9169776544,0.2025200000000001,0.0,0.0,202520.0000000001,False
spare|standard|protect|standard,2025.986050208,10297.446,0.17433600000000005,0.29935296000000006,0.24000000000000002,10215.738000000001,10238.968416384003,8595.396,9936.617308185601,8544.796,9250.273505152003,2112.95,6774.844208652801,4405.9644162245095,5436.120727458958,7642.356368505816,7938.4195858208,0.04433600000000004,0.0,0.0,44336.000000000044,False
spare|standard|protect|boost,1279.6271517600003,10332.928300000001,0.07809600000000001,0.26544480000000004,0.24000000000000002,10245.588300000001,10270.423587398402,8225.3958,9179.968434432001,2194.9883,7380.462057737602,2170.7774999999997,4255.895012161537,3123.7483513084526,4037.873289041519,6282.658077555708,4777.174390201922,0.0,0.0,0.0,0.0,True
spare|standard|protect|protect,5268.137855999999,8662.9778,0.6290319999999999,0.3325200000000001,0.0,8606.868999999999,8626.342829056,8568.718799999999,8591.082719424,8537.522799999999,8569.7646063616,8512.61,8540.768856704,7044.147771465535,7481.86930309666,8186.956053430431,8547.80857088,0.4990319999999999,0.0,0.0,499031.99999999994,False
spare|boost|spare|spare,1269.9126507840003,10314.5833,0.07809600000000001,0.26544480000000004,0.24000000000000002,10225.7473,10251.568729350402,8209.229800000001,9163.4115345664,2175.1472999999996,7363.654019433602,2159.7524999999996,4242.455643058176,3111.5849552501,4024.7958404514825,6267.547188291187,4763.13142882272,0.0,0.0,0.0,0.0,True
spare|boost|spare|standard,940.8662745600003,10340.989899999999,0.03348,0.25264032000000003,0.24000000000000002,8659.0374,9962.413352275202,2219.7699000000002,6677.121594095999,2206.6575000000003,4446.16779943968,2206.6575000000003,3102.461619775872,2179.0235328700105,2874.3714522144423,4736.519495528594,3326.41264971984,0.0,0.0,0.0,0.0,True
spare|boost|spare|boost,1169.9525058880001,10376.4722,0.016632,0.4072,0.4072,10225.1772,10289.41654176,2280.5962,4936.56302223232,2264.485,3603.66309154624,2264.485,2800.156236618496,2208.6233848135375,2748.719918975655,4170.766976232727,2934.0740457731204,0.0,0.06719999999999998,0.0,67199.99999999999,False
spare|boost|spare|protect,2033.5546839360002,10306.521700000001,0.17433600000000005,0.29935296000000006,0.24000000000000002,10224.2857,10247.566268473602,8601.164200000001,9944.69936557312,8550.5642,9256.993297702402,2123.8725,6781.940995094787,4413.4201369587945,5443.576588044844,7649.954734600292,7944.663978585602,0.04433600000000004,0.0,0.0,44336.000000000044,False
spare|boost|standard|spare,940.8662745600002,10340.989899999999,0.03348,0.25264032000000003,0.24000000000000002,8659.0374,9962.413352275202,2219.7699000000002,6677.121594095999,2206.6575000000003,4446.16779943968,2206.6575000000003,3102.461619775872,2179.0235328700105,2874.3714522144423,4736.519495528594,3326.41264971984,0.0,0.0,0.0,0.0,True
spare|boost|standard|standard,1161.5135021760002,10367.3965,0.016632,0.4072,0.4072,10219.409,10282.328093600001,2269.1445,4927.004801404801,2253.5625,3593.3196226512005,2253.5625,2789.46534906048,2199.74029880201,2739.647408115837,4161.5090290504795,2923.4410613256,0.0,0.06719999999999998,0.0,67199.99999999999,False
spare|boost|standard|boost,2265.846453856001,10402.878799999999,0.004752,1.0,1.0,2329.9708,6130.6365568,2329.9708,3090.10395136,2311.39,2701.9382873881596,2236.1488,2465.68660734976,2518.8841038558994,2679.7836014692302,3203.8919686200634,2506.66414369408,0.0,0.6599999999999999,0.18000000000000005,840000.0,False
spare|boost|standard|protect,1279.6271517600003,10332.928300000001,0.07809600000000001,0.26544480000000004,0.24000000000000002,10245.588300000001,10270.423587398402,8225.3958,9179.968434432001,2194.9883,7380.462057737602,2170.7774999999997,4255.895012161537,3123.7483513084526,4037.873289041519,6282.658077555708,4777.174390201922,0.0,0.0,0.0,0.0,True
spare|boost|boost|spare,1169.9525058880001,10376.4722,0.016632,0.4072,0.4072,10225.1772,10289.41654176,2280.5962,4936.56302223232,2264.485,3603.66309154624,2264.485,2800.156236618496,2208.6233848135375,2748.719918975655,4170.766976232727,2934.0740457731204,0.0,0.06719999999999998,0.0,67199.99999999999,False
spare|boost|boost|standard,2265.846453856001,10402.878799999999,0.004752,1.0,1.0,2329.9708,6130.6365568,2329.9708,3090.10395136,2311.39,2701.9382873881596,2236.1488,2465.68660734976,2518.8841038558994,2679.7836014692302,3203.8919686200634,2506.66414369408,0.0,0.6599999999999999,0.18000000000000005,840000.0,False
spare|boost|boost|boost,2309.7039361279994,10438.3611,0.004752,1.0,1.0,2390.7971,6166.290039680001,2390.7971,3145.8956879360003,2369.2175,2758.9401743379203,2255.9246,2522.2114920320005,2565.260292431983,2726.9394163837346,3245.370960941338,2564.07883716896,0.0,0.6599999999999999,0.18000000000000005,840000.0,False
spare|boost|boost|protect,958.3402854880001,10368.410600000001,0.03348,0.25264032000000003,0.24000000000000002,8679.4756,9988.303948172801,2242.8346,6700.451338912,2228.605,4469.680876174721,2228.605,3125.0353504698883,2198.810748584356,2895.0311056176124,4758.973306335269,3349.14293808736,0.0,0.0,0.0,0.0,True
spare|boost|protect|spare,2033.5546839360002,10306.521700000001,0.17433600000000005,0.29935296000000006,0.24000000000000002,10224.2857,10247.566268473602,8601.164200000001,9944.69936557312,8550.5642,9256.993297702402,2123.8725,6781.940995094787,4413.4201369587945,5443.576588044844,7649.954734600292,7944.663978585602,0.04433600000000004,0.0,0.0,44336.000000000044,False
spare|boost|protect|standard,1279.6271517600003,10332.928300000001,0.07809600000000001,0.26544480000000004,0.24000000000000002,10245.588300000001,10270.423587398402,8225.3958,9179.968434432001,2194.9883,7380.462057737602,2170.7774999999997,4255.895012161537,3123.7483513084526,4037.873289041519,6282.658077555708,4777.174390201922,0.0,0.0,0.0,0.0,True
spare|boost|protect|boost,958.3402854880001,10368.4106,0.03348,0.25264032000000003,0.24000000000000002,8679.475599999998,9988.3039481728,2242.8346,6700.451338912,2228.605,4469.680876174721,2228.605,3125.0353504698883,2198.810748584356,2895.0311056176124,4758.973306335269,3349.14293808736,0.0,0.0,0.0,0.0,True
spare|boost|protect|protect,2889.544381600001,8698.4601,0.3325200000000001,0.25108800000000003,0.0,8635.1285,8653.325076992001,8584.5285,8610.955991844481,8559.4925,8591.299098509122,8516.495,8554.725292736,5238.078447476158,6056.855701138353,7545.455644916276,8564.28286592,0.2025200000000001,0.0,0.0,202520.0000000001,False
spare|protect|spare|spare,5252.370842799999,8644.632800000001,0.6290319999999999,0.3325200000000001,0.0,8587.99,8609.197073536003,8552.5528,8574.766046463998,8522.5328,8552.898666521602,8495.91,8524.0192752,7028.448829811809,7467.025159007195,8171.893952983504,8531.046594,0.4990319999999999,0.0,0.0,499031.99999999994,False
spare|protect|spare|standard,2842.3229140000003,8671.0394,0.3325200000000001,0.17433600000000005,0.0,8608.099,8628.519883648001,8558.4204,8587.2724724736,8533.8244,8566.8590560768,8145.48,8427.19140423168,5185.064198922586,6007.936241296263,7506.701716820892,8496.9169776544,0.2025200000000001,0.0,0.0,202520.0000000001,False
spare|protect|spare|boost,2033.5546839360002,10306.521700000001,0.17433600000000005,0.29935296000000006,0.24000000000000002,10224.2857,10247.566268473602,8601.164200000001,9944.69936557312,8550.5642,9256.993297702402,2123.8725,6781.940995094787,4413.4201369587945,5443.576588044844,7649.954734600292,7944.663978585602,0.04433600000000004,0.0,0.0,44336.000000000044,False
spare|protect|spare|protect,5366.3384639999995,8636.571199999998,0.6290319999999999,0.6290319999999999,0.0,8585.971199999998,8607.149912217601,8562.8512,8579.835197056,8527.339999999998,8556.742914467837,8512.251199999999,8532.563237657598,7118.106318166446,7542.3733008722875,8209.794394131173,8537.601977452798,0.4990319999999999,0.0,0.0,499031.99999999994,False
spare|protect|standard|spare,2842.3229140000003,8671.0394,0.3325200000000001,0.17433600000000005,0.0,8608.099,8628.519883648001,8558.4204,8587.2724724736,8533.8244,8566.8590560768,8145.48,8427.19140423168,5185.064198922586,6007.936241296263,7506.701716820892,8496.9169776544,0.2025200000000001,0.0,0.0,202520.0000000001,False
spare|protect|standard|standard,2025.986050208,10297.446,0.17433600000000005,0.29935296000000006,0.24000000000000002,10215.738000000001,10238.968416384003,8595.396,9936.617308185601,8544.796,9250.273505152003,2112.95,6774.844208652801,4405.9644162245095,5436.120727458958,7642.356368505816,7938.4195858208,0.04433600000000004,0.0,0.0,44336.000000000044,False
spare|protect|standard|boost,1279.6271517600003,10332.928300000001,0.07809600000000001,0.26544480000000004,0.24000000000000002,10245.588300000001,10270.423587398402,8225.3958,9179.968434432001,2194.9883,7380.462057737602,2170.7774999999997,4255.895012161537,3123.7483513084526,4037.873289041519,6282.658077555708,4777.174390201922,0.0,0.0,0.0,0.0,True
spare|protect|standard|protect,5268.137855999999,8662.9778,0.6290319999999999,0.3325200000000001,0.0,8606.868999999999,8626.342829056,8568.718799999999,8591.082719424,8537.522799999999,8569.7646063616,8512.61,8540.768856704,7044.147771465535,7481.86930309666,8186.956053430431,8547.80857088,0.4990319999999999,0.0,0.0,499031.99999999994,False
spare|protect|boost|spare,2033.5546839360002,10306.521700000001,0.17433600000000005,0.29935296000000006,0.24000000000000002,10224.2857,10247.566268473602,8601.164200000001,9944.69936557312,8550.5642,9256.993297702402,2123.8725,6781.940995094787,4413.4201369587945,5443.576588044844,7649.954734600292,7944.663978585602,0.04433600000000004,0.0,0.0,44336.000000000044,False
spare|protect|boost|standard,1279.6271517600003,10332.928300000001,0.07809600000000001,0.26544480000000004,0.24000000000000002,10245.588300000001,10270.423587398402,8225.3958,9179.968434432001,2194.9883,7380.462057737602,2170.7774999999997,4255.895012161537,3123.7483513084526,4037.873289041519,6282.658077555708,4777.174390201922,0.0,0.0,0.0,0.0,True
spare|protect|boost|boost,958.3402854880001,10368.410600000001,0.03348,0.25264032000000003,0.24000000000000002,8679.4756,9988.303948172801,2242.8346,6700.451338912,2228.605,4469.680876174721,2228.605,3125.0353504698883,2198.810748584356,2895.0311056176124,4758.973306335269,3349.14293808736,0.0,0.0,0.0,0.0,True
spare|protect|boost|protect,2889.544381600001,8698.4601,0.3325200000000001,0.25108800000000003,0.0,8635.1285,8653.325076992001,8584.5285,8610.955991844481,8559.4925,8591.299098509122,8516.495,8554.725292736,5238.078447476158,6056.855701138353,7545.455644916276,8564.28286592,0.2025200000000001,0.0,0.0,202520.0000000001,False
spare|protect|protect|spare,5366.3384639999995,8636.571199999998,0.6290319999999999,0.6290319999999999,0.0,8585.971199999998,8607.149912217601,8562.8512,8579.835197056,8527.339999999998,8556.742914467837,8512.251199999999,8532.563237657598,7118.106318166446,7542.3733008722875,8209.794394131173,8537.601977452798,0.4990319999999999,0.0,0.0,499031.99999999994,False
spare|protect|protect|standard,5268.137855999999,8662.9778,0.6290319999999999,0.3325200000000001,0.0,8606.868999999999,8626.342829056,8568.718799999999,8591.082719424,8537.522799999999,8569.7646063616,8512.61,8540.768856704,7044.147771465535,7481.86930309666,8186.956053430431,8547.80857088,0.4990319999999999,0.0,0.0,499031.99999999994,False
spare|protect|protect|boost,2889.544381600001,8698.4601,0.3325200000000001,0.25108800000000003,0.0,8635.1285,8653.325076992001,8584.5285,8610.955991844481,8559.4925,8591.299098509122,8516.495,8554.725292736,5238.078447476158,6056.855701138353,7545.455644916276,8564.28286592,0.2025200000000001,0.0,0.0,202520.0000000001,False
spare|protect|protect|protect,8482.227,8637.800000000001,1.0,1.0,0.0,8594.35,8614.997440000001,8579.5,8591.874208,8536.6,8569.448596,8528.900000000001,8547.9371984,8515.49872089626,8529.109519006328,8559.497742309155,8552.696498,0.87,0.0,0.18000000000000005,1050000.0,False
standard|spare|spare|spare,1120.5144151040001,8679.100999999999,0.12021600000000002,0.07809600000000001,0.0,8609.329000000002,8630.69693824,8548.122,8584.2274457856,8160.954000000001,8483.057599200001,151.925,4137.3094748249605,2991.8152442724045,3911.2354802492005,6019.018724348235,5133.655593531201,0.0,0.0,0.0,0.0,True
standard|spare|spare|standard,1261.8650059520005,10305.5076,0.07809600000000001,0.26544480000000004,0.24000000000000002,10217.1996,10242.970877260801,8203.9896,9156.8314789632,2166.5995999999996,7356.967402995202,2148.83,4233.185678323713,3103.53708254398,4016.7629579902223,6259.592345741141,4754.274597904641,0.0,0.0,0.0,0.0,True
standard|spare|spare|boost,940.8662745600002,10340.989899999999,0.03348,0.25264032000000003,0.24000000000000002,8659.0374,9962.413352275202,2219.7699000000002,6677.121594095999,2206.6575000000003,4446.16779943968,2206.6575000000003,3102.461619775872,2179.0235328700105,2874.3714522144423,4736.519495528594,3326.41264971984,0.0,0.0,0.0,0.0,True
standard|spare|spare|protect,2842.3229140000003,8671.0394,0.3325200000000001,0.17433600000000005,0.0,8608.099,8628.519883648001,8558.4204,8587.2724724736,8533.8244,8566.8590560768,8145.48,8427.19140423168,5185.064198922586,6007.936241296263,7506.701716820892,8496.9169776544,0.2025200000000001,0.0,0.0,202520.0000000001,False
standard|spare|standard|spare,1261.8650059520005,10305.5076,0.07809600000000001,0.26544480000000004,0.24000000000000002,10217.1996,10242.970877260801,8203.9896,9156.8314789632,2166.5995999999996,7356.967402995202,2148.83,4233.185678323713,3103.53708254398,4016.7629579902223,6259.592345741141,4754.274597904641,0.0,0.0,0.0,0.0,True
standard|spare|standard|standard,932.6614652480001,10331.9142,0.03348,0.25264032000000003,0.24000000000000002,8653.269199999999,9954.3616163456,2208.3182,6669.819493855999,2195.735,4437.164845466239,2195.735,3092.306938186496,2170.67537770675,2865.948598164125,4728.121710585917,3316.4499227331203,0.0,0.0,0.0,0.0,True
standard|spare|standard|boost,1161.5135021760002,10367.3965,0.016632,0.4072,0.4072,10219.409,10282.328093600001,2269.1445,4927.004801404801,2253.5625,3593.3196226512005,2253.5625,2789.46534906048,2199.74029880201,2739.647408115837,4161.5090290504795,2923.4410613256,0.0,0.06719999999999998,0.0,67199.99999999999,False
standard|spare|standard|protect,2025.986050208,10297.446,0.17433600000000005,0.29935296000000006,0.24000000000000002,10215.738000000001,10238.968416384003,8595.396,9936.617308185601,8544.796,9250.273505152003,2112.95,6774.844208652801,4405.9644162245095,5436.120727458958,7642.356368505816,7938.4195858208,0.04433600000000004,0.0,0.0,44336.000000000044,False
standard|spare|boost|spare,940.8662745600002,10340.989899999999,0.03348,0.25264032000000003,0.24000000000000002,8659.0374,9962.413352275202,2219.7699000000002,6677.121594095999,2206.6575000000003,4446.16779943968,2206.6575000000003,3102.461619775872,2179.0235328700105,2874.3714522144423,4736.519495528594,3326.41264971984,0.0,0.0,0.0,0.0,True
standard|spare|boost|standard,1161.5135021760002,10367.3965,0.016632,0.4072,0.4072,10219.409,10282.328093600001,2269.1445,4927.004801404801,2253.5625,3593.3196226512005,2253.5625,2789.46534906048,2199.74029880201,2739.647408115837,4161.5090290504795,2923.4410613256,0.0,0.06719999999999998,0.0,67199.99999999999,False
standard|spare|boost|boost,2265.846453856001,10402.878799999999,0.004752,1.0,1.0,2329.9708,6130.6365568,2329.9708,3090.10395136,2311.39,2701.9382873881596,2236.1488,2465.68660734976,2518.8841038558994,2679.7836014692302,3203.8919686200634,2506.66414369408,0.0,0.6599999999999999,0.18000000000000005,840000.0,False
standard|spare|boost|protect,1279.6271517600003,10332.928300000001,0.07809600000000001,0.26544480000000004,0.24000000000000002,10245.588300000001,10270.423587398402,8225.3958,9179.968434432001,2194.9883,7380.462057737602,2170.7774999999997,4255.895012161537,3123.7483513084526,4037.873289041519,6282.658077555708,4777.174390201922,0.0,0.0,0.0,0.0,True
standard|spare|protect|spare,2842.3229140000003,8671.0394,0.3325200000000001,0.17433600000000005,0.0,8608.099,8628.519883648001,8558.4204,8587.2724724736,8533.8244,8566.8590560768,8145.48,8427.19140423168,5185.064198922586,6007.936241296263,7506.701716820892,8496.9169776544,0.2025200000000001,0.0,0.0,202520.0000000001,False
standard|spare|protect|standard,2025.986050208,10297.446,0.17433600000000005,0.29935296000000006,0.24000000000000002,10215.738000000001,10238.968416384003,8595.396,9936.617308185601,8544.796,9250.273505152003,2112.95,6774.844208652801,4405.9644162245095,5436.120727458958,7642.356368505816,7938.4195858208,0.04433600000000004,0.0,0.0,44336.000000000044,False
standard|spare|protect|boost,1279.6271517600003,10332.928300000001,0.07809600000000001,0.26544480000000004,0.24000000000000002,10245.588300000001,10270.423587398402,8225.3958,9179.968434432001,2194.9883,7380.462057737602,2170.7774999999997,4255.895012161537,3123.7483513084526,4037.873289041519,6282.658077555708,4777.174390201922,0.0,0.0,0.0,0.0,True
standard|spare|protect|protect,5268.137855999999,8662.9778,0.6290319999999999,0.3325200000000001,0.0,8606.868999999999,8626.342829056,8568.718799999999,8591.082719424,8537.522799999999,8569.7646063616,8512.61,8540.768856704,7044.147771465535,7481.86930309666,8186.956053430431,8547.80857088,0.4990319999999999,0.0,0.0,499031.99999999994,False
standard|standard|spare|spare,1261.8650059520005,10305.5076,0.07809600000000001,0.26544480000000004,0.24000000000000002,10217.1996,10242.970877260801,8203.9896,9156.8314789632,2166.5995999999996,7356.967402995202,2148.83,4233.185678323713,3103.53708254398,4016.7629579902223,6259.592345741141,4754.274597904641,0.0,0.0,0.0,0.0,True
standard|standard|spare|standard,932.6614652480001,10331.9142,0.03348,0.25264032000000003,0.24000000000000002,8653.269199999999,9954.3616163456,2208.3182,6669.819493855999,2195.735,4437.164845466239,2195.735,3092.306938186496,2170.67537770675,2865.948598164125,4728.121710585917,3316.4499227331203,0.0,0.0,0.0,0.0,True
standard|standard|spare|boost,1161.5135021760002,10367.3965,0.016632,0.4072,0.4072,10219.409,10282.328093600001,2269.1445,4927.004801404801,2253.5625,3593.3196226512005,2253.5625,2789.46534906048,2199.74029880201,2739.647408115837,4161.5090290504795,2923.4410613256,0.0,0.06719999999999998,0.0,67199.99999999999,False
standard|standard|spare|protect,2025.986050208,10297.446,0.17433600000000005,0.29935296000000006,0.24000000000000002,10215.738000000001,10238.968416384003,8595.396,9936.617308185601,8544.796,9250.273505152003,2112.95,6774.844208652801,4405.9644162245095,5436.120727458958,7642.356368505816,7938.4195858208,0.04433600000000004,0.0,0.0,44336.000000000044,False
standard|standard|standard|spare,932.6614652480001,10331.9142,0.03348,0.25264032000000003,0.24000000000000002,8653.269199999999,9954.3616163456,2208.3182,6669.819493855999,2195.735,4437.164845466239,2195.735,3092.306938186496,2170.67537770675,2865.948598164125,4728.121710585917,3316.4499227331203,0.0,0.0,0.0,0.0,True
standard|standard|standard|standard,828.34425104,10358.3208,0.016632,0.24361152000000003,0.24000000000000002,8263.6408,9230.020445440001,2257.6928000000003,4449.974199342079,2242.64,3349.23996313856,2242.64,2685.279985255424,1752.4887241117099,2290.038536071686,3738.77764309112,2795.93998156928,0.0,0.0,0.0,0.0,True
standard|standard|standard|boost,2257.3607474880005,10393.8031,0.004752,1.0,1.0,2318.5191,6122.1858873599995,2318.5191,3079.2524574720005,2300.4675,2691.01736068032,2230.3806,2454.8964492364803,2509.833655444481,2670.451724618816,3194.0806202932567,2495.7424303401604,0.0,0.6599999999999999,0.18000000000000005,840000.0,False
standard|standard|standard|protect,1271.7061477280001,10323.8526,0.07809600000000001,0.26544480000000004,0.24000000000000002,10237.0406,10261.825735308801,8220.155600000002,9173.3883788288,2186.4406,7373.775441299201,2159.855,4246.746622595072,3118.56248792229,4036.638774049644,6285.893073697017,4768.469528243841,0.0,0.0,0.0,0.0,True
standard|standard|boost|spare,1161.5135021760002,10367.3965,0.016632,0.4072,0.4072,10219.409,10282.328093600001,2269.1445,4927.004801404801,2253.5625,3593.3196226512005,2253.5625,2789.46534906048,2199.74029880201,2739.647408115837,4161.5090290504795,2923.4410613256,0.0,0.06719999999999998,0.0,67199.99999999999,False
standard|standard|boost|standard,2257.3607474880005,10393.8031,0.004752,1.0,1.0,2318.5191,6122.1858873599995,2318.5191,3079.2524574720005,2300.4675,2691.01736068032,2230.3806,2454.8964492364803,2509.833655444481,2670.451724618816,3194.0806202932567,2495.7424303401604,0.0,0.6599999999999999,0.18000000000000005,840000.0,False
standard|standard|boost|boost,2301.19000288,10429.2854,0.004752,1.0,1.0,2379.3453999999997,6157.16192512,2379.3453999999997,3134.908705024,2358.295,2747.95150311808,2247.7804,2511.33352,2556.109208343041,2717.4852833535633,3235.3801662137894,2553.12325155904,0.0,0.6599999999999999,0.18000000000000005,840000.0,False
standard|standard|boost|protect,950.1354761760001,10359.334899999998,0.03348,0.25264032000000003,0.24000000000000002,8673.7074,9980.2522122432,2231.3829,6693.149238672001,2217.6825000000003,4460.67792220128,2217.6825000000003,3114.8806688805125,2190.4625934210962,2886.6082515672956,4750.575521392592,3339.180211100641,0.0,0.0,0.0,0.0,True
standard|standard|protect|spare,2025.986050208,10297.446,0.17433600000000005,0.29935296000000006,0.24000000000000002,10215.738000000001,10238.968416384003,8595.396,9936.617308185601,8544.796,9250.273505152003,2112.95,6774.844208652801,4405.9644162245095,5436.120727458958,7642.356368505816,7938.4195858208,0.04433600000000004,0.0,0.0,44336.000000000044,False
standard|standard|protect|standard,1271.7061477280001,10323.8526,0.07809600000000001,0.26544480000000004,0.24000000000000002,10237.0406,10261.825735308801,8220.155600000002,9173.3883788288,2186.4406,7373.775441299201,2159.855,4246.746622595072,3118.56248792229,4036.638774049644,6285.893073697017,4768.469528243841,0.0,0.0,0.0,0.0,True
standard|standard|protect|boost,950.1354761760001,10359.334899999998,0.03348,0.25264032000000003,0.24000000000000002,8673.7074,9980.2522122432,2231.3829,6693.149238672001,2217.6825000000003,4460.67792220128,2217.6825000000003,3114.8806688805125,2190.4625934210962,2886.6082515672956,4750.575521392592,3339.180211100641,0.0,0.0,0.0,0.0,True
standard|standard|protect|protect,2882.9128032000003,8689.3844,0.3325200000000001,0.25108800000000003,0.0,8626.978,8645.665639168,8576.378,8604.03763365632,8551.869999999999,8584.27775820928,8512.179999999998,8548.977908608,5231.3927543447135,6050.121683632736,7538.5066803191785,8558.17738576,0.2025200000000001,0.0,0.0,202520.0000000001,False
standard|boost|spare|spare,940.8662745600002,10340.989899999999,0.03348,0.25264032000000003,0.24000000000000002,8659.0374,9962.413352275202,2219.7699000000002,6677.121594095999,2206.6575000000003,4446.16779943968,2206.6575000000003,3102.461619775872,2179.0235328700105,2874.3714522144423,4736.519495528594,3326.41264971984,0.0,0.0,0.0,0.0,True
standard|boost|spare|standard,1161.5135021760002,10367.3965,0.016632,0.4072,0.4072,10219.409,10282.328093600001,2269.1445,4927.004801404801,2253.5625,3593.3196226512005,2253.5625,2789.46534906048,2199.74029880201,2739.647408115837,4161.5090290504795,2923.4410613256,0.0,0.06719999999999998,0.0,67199.99999999999,False
standard|boost|spare|boost,2265.846453856001,10402.878799999999,0.004752,1.0,1.0,2329.9708,6130.6365568,2329.9708,3090.10395136,2311.39,2701.9382873881596,2236.1488,2465.68660734976,2518.8841038558994,2679.7836014692302,3203.8919686200634,2506.66414369408,0.0,0.6599999999999999,0.18000000000000005,840000.0,False
standard|boost|spare|protect,1279.6271517600003,10332.928300000001,0.07809600000000001,0.26544480000000004,0.24000000000000002,10245.588300000001,10270.423587398402,8225.3958,9179.968434432001,2194.9883,7380.462057737602,2170.7774999999997,4255.895012161537,3123.7483513084526,4037.873289041519,6282.658077555708,4777.174390201922,0.0,0.0,0.0,0.0,True
standard|boost|standard|spare,1161.5135021760002,10367.3965,0.016632,0.4072,0.4072,10219.409,10282.328093600001,2269.1445000000003,4927.004801404801,2253.5625,3593.3196226512005,2253.5625,2789.46534906048,2199.74029880201,2739.647408115837,4161.5090290504795,2923.4410613256,0.0,0.06719999999999998,0.0,67199.99999999999,False
standard|boost|standard|standard,2257.3607474880005,10393.8031,0.004752,1.0,1.0,2318.5191,6122.1858873599995,2318.5191,3079.2524574720005,2300.4675,2691.01736068032,2230.3806,2454.8964492364803,2509.833655444481,2670.451724618816,3194.0806202932567,2495.7424303401604,0.0,0.6599999999999999,0.18000000000000005,840000.0,False
standard|boost|standard|boost,2301.19000288,10429.2854,0.004752,1.0,1.0,2379.3453999999997,6157.16192512,2379.3453999999997,3134.908705024,2358.295,2747.95150311808,2247.7804,2511.33352,2556.109208343041,2717.4852833535633,3235.3801662137894,2553.12325155904,0.0,0.6599999999999999,0.18000000000000005,840000.0,False
standard|boost|standard|protect,950.1354761760001,10359.334899999998,0.03348,0.25264032000000003,0.24000000000000002,8673.7074,9980.2522122432,2231.3829,6693.149238672001,2217.6825000000003,4460.67792220128,2217.6825000000003,3114.8806688805125,2190.4625934210962,2886.6082515672956,4750.575521392592,3339.180211100641,0.0,0.0,0.0,0.0,True
standard|boost|boost|spare,2265.846453856001,10402.878799999999,0.004752,1.0,1.0,2329.9708,6130.6365568,2329.9708,3090.10395136,2311.39,2701.9382873881596,2236.1488,2465.68660734976,2518.8841038558994,2679.7836014692302,3203.8919686200634,2506.66414369408,0.0,0.6599999999999999,0.18000000000000005,840000.0,False
standard|boost|boost|standard,2301.19000288,10429.2854,0.004752,1.0,1.0,2379.3453999999997,6157.16192512,2379.3453999999997,3134.908705024,2358.295,2747.95150311808,2247.7804,2511.33352,2556.109208343041,2717.4852833535633,3235.3801662137894,2553.12325155904,0.0,0.6599999999999999,0.18000000000000005,840000.0,False
standard|boost|boost|boost,2307.296504192,2464.7677,0.0,1.0,1.0,2440.1717,2442.9768246080002,2440.1717,2440.7327249216,2416.1225,2429.1009900608,2289.8642,2416.6188798080007,2341.0072806287494,2359.012151179037,2396.4914645462586,2422.6117450304,0.0,0.6599999999999999,0.18000000000000005,840000.0,False
standard|boost|boost|protect,1178.688604384,10394.8172,0.016632,0.4072,0.4072,10239.8472,10305.55348416,2292.2092000000002,4950.70004438272,2275.51,3616.358667600641,2275.51,2811.8494670402565,2218.9746438501825,2766.6502009731757,4239.536988464297,2945.93433380032,0.0,0.06719999999999998,0.0,67199.99999999999,False
standard|boost|protect|spare,1279.6271517600003,10332.928300000001,0.07809600000000001,0.26544480000000004,0.24000000000000002,10245.588300000001,10270.423587398402,8225.3958,9179.968434432001,2194.9883,7380.462057737602,2170.7774999999997,4255.895012161537,3123.7483513084526,4037.873289041519,6282.658077555708,4777.174390201922,0.0,0.0,0.0,0.0,True
standard|boost|protect|standard,950.1354761760001,10359.334899999998,0.03348,0.25264032000000003,0.24000000000000002,8673.7074,9980.2522122432,2231.3829,6693.149238672001,2217.6825000000003,4460.67792220128,2217.6825000000003,3114.8806688805125,2190.4625934210962,2886.6082515672956,4750.575521392592,3339.180211100641,0.0,0.0,0.0,0.0,True
standard|boost|protect|boost,1178.688604384,10394.8172,0.016632,0.4072,0.4072,10239.8472,10305.55348416,2292.2092000000002,4950.70004438272,2275.51,3616.358667600641,2275.51,2811.8494670402565,2218.9746438501825,2766.6502009731757,4239.536988464297,2945.93433380032,0.0,0.06719999999999998,0.0,67199.99999999999,False
standard|boost|protect|protect,2055.8303030400007,10324.8667,0.17433600000000005,0.3313641600000001,0.24000000000000002,10244.126699999999,10266.421126521602,8615.834200000001,9963.13987424512,8565.2342,9273.863057062401,2134.8975,6842.8798756170245,4443.984339966189,5476.057213791736,7682.210179027398,8017.524473616,0.04433600000000004,0.0,0.0,44336.000000000044,False
standard|protect|spare|spare,2842.3229140000003,8671.0394,0.3325200000000001,0.17433600000000005,0.0,8608.099,8628.519883648001,8558.4204,8587.2724724736,8533.8244,8566.8590560768,8145.48,8427.19140423168,5185.064198922586,6007.936241296263,7506.701716820892,8496.9169776544,0.2025200000000001,0.0,0.0,202520.0000000001,False
standard|protect|spare|standard,2025.986050208,10297.446,0.17433600000000005,0.29935296000000006,0.24000000000000002,10215.738000000001,10238.968416384003,8595.396,9936.617308185601,8544.796,9250.273505152003,2112.95,6774.844208652801,4405.9644162245095,5436.120727458958,7642.356368505816,7938.4195858208,0.04433600000000004,0.0,0.0,44336.000000000044,False
standard|protect|spare|boost,1279.6271517600003,10332.928300000001,0.07809600000000001,0.26544480000000004,0.24000000000000002,10245.588300000001,10270.423587398402,8225.3958,9179.968434432001,2194.9883,7380.462057737602,2170.7774999999997,4255.895012161537,3123.7483513084526,4037.873289041519,6282.658077555708,4777.174390201922,0.0,0.0,0.0,0.0,True
standard|protect|spare|protect,5268.137855999999,8662.9778,0.6290319999999999,0.3325200000000001,0.0,8606.868999999999,8626.342829056,8568.718799999999,8591.082719424,8537.522799999999,8569.7646063616,8512.61,8540.768856704,7044.147771465535,7481.86930309666,8186.956053430431,8547.80857088,0.4990319999999999,0.0,0.0,499031.99999999994,False
standard|protect|standard|spare,2025.986050208,10297.446,0.17433600000000005,0.29935296000000006,0.24000000000000002,10215.738000000001,10238.968416384003,8595.396,9936.617308185601,8544.796,9250.273505152003,2112.95,6774.844208652801,4405.9644162245095,5436.120727458958,7642.356368505816,7938.4195858208,0.04433600000000004,0.0,0.0,44336.000000000044,False
standard|protect|standard|standard,1271.7061477280001,10323.8526,0.07809600000000001,0.26544480000000004,0.24000000000000002,10237.0406,10261.825735308801,8220.155600000002,9173.3883788288,2186.4406,7373.775441299201,2159.855,4246.746622595072,3118.56248792229,4036.638774049644,6285.893073697017,4768.469528243841,0.0,0.0,0.0,0.0,True
standard|protect|standard|boost,950.1354761760001,10359.334899999998,0.03348,0.25264032000000003,0.24000000000000002,8673.7074,9980.2522122432,2231.3829,6693.149238672001,2217.6825000000003,4460.67792220128,2217.6825000000003,3114.8806688805125,2190.4625934210962,2886.6082515672956,4750.575521392592,3339.180211100641,0.0,0.0,0.0,0.0,True
standard|protect|standard|protect,2882.9128032000003,8689.3844,0.3325200000000001,0.25108800000000003,0.0,8626.978,8645.665639168,8576.378,8604.03763365632,8551.869999999999,8584.27775820928,8512.179999999998,8548.977908608,5231.3927543447135,6050.121683632736,7538.5066803191785,8558.17738576,0.2025200000000001,0.0,0.0,202520.0000000001,False
standard|protect|boost|spare,1279.6271517600003,10332.928300000001,0.07809600000000001,0.26544480000000004,0.24000000000000002,10245.588300000001,10270.423587398402,8225.3958,9179.968434432001,2194.9883,7380.462057737602,2170.7774999999997,4255.895012161537,3123.7483513084526,4037.873289041519,6282.658077555708,4777.174390201922,0.0,0.0,0.0,0.0,True
standard|protect|boost|standard,950.1354761760001,10359.334899999998,0.03348,0.25264032000000003,0.24000000000000002,8673.7074,9980.2522122432,2231.3829,6693.149238672001,2217.6825000000003,4460.67792220128,2217.6825000000003,3114.8806688805125,2190.4625934210962,2886.6082515672956,4750.575521392592,3339.180211100641,0.0,0.0,0.0,0.0,True
standard|protect|boost|boost,1178.688604384,10394.8172,0.016632,0.4072,0.4072,10239.8472,10305.55348416,2292.2092000000002,4950.70004438272,2275.51,3616.358667600641,2275.51,2811.8494670402565,2218.9746438501825,2766.6502009731757,4239.536988464297,2945.93433380032,0.0,0.06719999999999998,0.0,67199.99999999999,False
standard|protect|boost|protect,2055.8303030400007,10324.8667,0.17433600000000005,0.3313641600000001,0.24000000000000002,10244.126699999999,10266.421126521602,8615.834200000001,9963.13987424512,8565.2342,9273.863057062401,2134.8975,6842.8798756170245,4443.984339966189,5476.057213791736,7682.210179027398,8017.524473616,0.04433600000000004,0.0,0.0,44336.000000000044,False
standard|protect|protect|spare,5268.137855999999,8662.9778,0.6290319999999999,0.3325200000000001,0.0,8606.868999999999,8626.342829056,8568.718799999999,8591.082719424,8537.522799999999,8569.7646063616,8512.61,8540.768856704,7044.147771465535,7481.86930309666,8186.956053430431,8547.80857088,0.4990319999999999,0.0,0.0,499031.99999999994,False
standard|protect|protect|standard,2882.9128032000003,8689.3844,0.3325200000000001,0.25108800000000003,0.0,8626.978,8645.665639168,8576.378,8604.03763365632,8551.869999999999,8584.27775820928,8512.179999999998,8548.977908608,5231.3927543447135,6050.121683632736,7538.5066803191785,8558.17738576,0.2025200000000001,0.0,0.0,202520.0000000001,False
standard|protect|protect|boost,2055.8303030400007,10324.8667,0.17433600000000005,0.3313641600000001,0.24000000000000002,10244.126699999999,10266.421126521602,8615.834200000001,9963.13987424512,8565.2342,9273.863057062401,2134.8975,6842.8798756170245,4443.984339966189,5476.057213791736,7682.210179027398,8017.524473616,0.04433600000000004,0.0,0.0,44336.000000000044,False
standard|protect|protect|protect,8351.277704,8654.9162,1.0,0.6290319999999999,0.0,8604.3162,8624.3836025856,8579.017199999998,8596.151870016,8542.544,8573.09722267904,8528.4172,8549.315143129601,8460.021703905979,8491.783857009015,8550.99737981514,8554.473774636801,0.87,0.0,0.0,870000.0,False
boost|spare|spare|spare,1269.9126507840003,10314.5833,0.07809600000000001,0.26544480000000004,0.24000000000000002,10225.7473,10251.568729350402,8209.229800000001,9163.4115345664,2175.1472999999996,7363.654019433602,2159.7524999999996,4242.455643058176,3111.5849552501,4024.7958404514825,6267.547188291187,4763.13142882272,0.0,0.0,0.0,0.0,True
boost|spare|spare|standard,940.8662745600003,10340.989899999999,0.03348,0.25264032000000003,0.24000000000000002,8659.0374,9962.413352275202,2219.7699000000002,6677.121594095999,2206.6575000000003,4446.16779943968,2206.6575000000003,3102.461619775872,2179.0235328700105,2874.3714522144423,4736.519495528594,3326.41264971984,0.0,0.0,0.0,0.0,True
boost|spare|spare|boost,1169.9525058880001,10376.4722,0.016632,0.4072,0.4072,10225.1772,10289.41654176,2280.5962,4936.56302223232,2264.485,3603.66309154624,2264.485,2800.156236618496,2208.6233848135375,2748.719918975655,4170.766976232727,2934.0740457731204,0.0,0.06719999999999998,0.0,67199.99999999999,False
boost|spare|spare|protect,2033.5546839360002,10306.521700000001,0.17433600000000005,0.29935296000000006,0.24000000000000002,10224.2857,10247.566268473602,8601.164200000001,9944.69936557312,8550.5642,9256.993297702402,2123.8725,6781.940995094787,4413.4201369587945,5443.576588044844,7649.954734600292,7944.663978585602,0.04433600000000004,0.0,0.0,44336.000000000044,False
boost|spare|standard|spare,940.8662745600002,10340.989899999999,0.03348,0.25264032000000003,0.24000000000000002,8659.0374,9962.413352275202,2219.7699000000002,6677.121594095999,2206.6575000000003,4446.16779943968,2206.6575000000003,3102.461619775872,2179.0235328700105,2874.3714522144423,4736.519495528594,3326.41264971984,0.0,0.0,0.0,0.0,True
boost|spare|standard|standard,1161.5135021760002,10367.3965,0.016632,0.4072,0.4072,10219.409,10282.328093600001,2269.1445,4927.004801404801,2253.5625,3593.3196226512005,2253.5625,2789.46534906048,2199.74029880201,2739.647408115837,4161.5090290504795,2923.4410613256,0.0,0.06719999999999998,0.0,67199.99999999999,False
boost|spare|standard|boost,2265.846453856001,10402.878799999999,0.004752,1.0,1.0,2329.9708,6130.6365568,2329.9708,3090.10395136,2311.39,2701.9382873881596,2236.1488,2465.68660734976,2518.8841038558994,2679.7836014692302,3203.8919686200634,2506.66414369408,0.0,0.6599999999999999,0.18000000000000005,840000.0,False
boost|spare|standard|protect,1279.6271517600003,10332.928300000001,0.07809600000000001,0.26544480000000004,0.24000000000000002,10245.588300000001,10270.423587398402,8225.3958,9179.968434432001,2194.9883,7380.462057737602,2170.7774999999997,4255.895012161537,3123.7483513084526,4037.873289041519,6282.658077555708,4777.174390201922,0.0,0.0,0.0,0.0,True
boost|spare|boost|spare,1169.9525058880001,10376.4722,0.016632,0.4072,0.4072,10225.1772,10289.41654176,2280.5962,4936.56302223232,2264.485,3603.66309154624,2264.485,2800.156236618496,2208.6233848135375,2748.719918975655,4170.766976232727,2934.0740457731204,0.0,0.06719999999999998,0.0,67199.99999999999,False
boost|spare|boost|standard,2265.846453856001,10402.878799999999,0.004752,1.0,1.0,2329.9708,6130.6365568,2329.9708,3090.10395136,2311.39,2701.9382873881596,2236.1488,2465.68660734976,2518.8841038558994,2679.7836014692302,3203.8919686200634,2506.66414369408,0.0,0.6599999999999999,0.18000000000000005,840000.0,False
boost|spare|boost|boost,2309.7039361279994,10438.3611,0.004752,1.0,1.0,2390.7971,6166.290039680001,2390.7971,3145.8956879360003,2369.2175,2758.9401743379203,2255.9246,2522.2114920320005,2565.260292431983,2726.9394163837346,3245.370960941338,2564.07883716896,0.0,0.6599999999999999,0.18000000000000005,840000.0,False
boost|spare|boost|protect,958.3402854880001,10368.410600000001,0.03348,0.25264032000000003,0.24000000000000002,8679.4756,9988.303948172801,2242.8346,6700.451338912,2228.605,4469.680876174721,2228.605,3125.0353504698883,2198.810748584356,2895.0311056176124,4758.973306335269,3349.14293808736,0.0,0.0,0.0,0.0,True
boost|spare|protect|spare,2033.5546839360002,10306.521700000001,0.17433600000000005,0.29935296000000006,0.24000000000000002,10224.2857,10247.566268473602,8601.164200000001,9944.69936557312,8550.5642,9256.993297702402,2123.8725,6781.940995094787,4413.4201369587945,5443.576588044844,7649.954734600292,7944.663978585602,0.04433600000000004,0.0,0.0,44336.000000000044,False
boost|spare|protect|standard,1279.6271517600003,10332.928300000001,0.07809600000000001,0.26544480000000004,0.24000000000000002,10245.588300000001,10270.423587398402,8225.3958,9179.968434432001,2194.9883,7380.462057737602,2170.7774999999997,4255.895012161537,3123.7483513084526,4037.873289041519,6282.658077555708,4777.174390201922,0.0,0.0,0.0,0.0,True
boost|spare|protect|boost,958.3402854880001,10368.4106,0.03348,0.25264032000000003,0.24000000000000002,8679.475599999998,9988.3039481728,2242.8346,6700.451338912,2228.605,4469.680876174721,2228.605,3125.0353504698883,2198.810748584356,2895.0311056176124,4758.973306335269,3349.14293808736,0.0,0.0,0.0,0.0,True
boost|spare|protect|protect,2889.544381600001,8698.4601,0.3325200000000001,0.25108800000000003,0.0,8635.1285,8653.325076992001,8584.5285,8610.955991844481,8559.4925,8591.299098509122,8516.495,8554.725292736,5238.078447476158,6056.855701138353,7545.455644916276,8564.28286592,0.2025200000000001,0.0,0.0,202520.0000000001,False
boost|standard|spare|spare,940.8662745600002,10340.989899999999,0.03348,0.25264032000000003,0.24000000000000002,8659.0374,9962.413352275202,2219.7699000000002,6677.121594095999,2206.6575000000003,4446.16779943968,2206.6575000000003,3102.461619775872,2179.0235328700105,2874.3714522144423,4736.519495528594,3326.41264971984,0.0,0.0,0.0,0.0,True
boost|standard|spare|standard,1161.5135021760002,10367.3965,0.016632,0.4072,0.4072,10219.409,10282.328093600001,2269.1445,4927.004801404801,2253.5625,3593.3196226512005,2253.5625,2789.46534906048,2199.74029880201,2739.647408115837,4161.5090290504795,2923.4410613256,0.0,0.06719999999999998,0.0,67199.99999999999,False
boost|standard|spare|boost,2265.846453856001,10402.878799999999,0.004752,1.0,1.0,2329.9708,6130.6365568,2329.9708,3090.10395136,2311.39,2701.9382873881596,2236.1488,2465.68660734976,2518.8841038558994,2679.7836014692302,3203.8919686200634,2506.66414369408,0.0,0.6599999999999999,0.18000000000000005,840000.0,False
boost|standard|spare|protect,1279.6271517600003,10332.928300000001,0.07809600000000001,0.26544480000000004,0.24000000000000002,10245.588300000001,10270.423587398402,8225.3958,9179.968434432001,2194.9883,7380.462057737602,2170.7774999999997,4255.895012161537,3123.7483513084526,4037.873289041519,6282.658077555708,4777.174390201922,0.0,0.0,0.0,0.0,True
boost|standard|standard|spare,1161.5135021760002,10367.3965,0.016632,0.4072,0.4072,10219.409,10282.328093600001,2269.1445000000003,4927.004801404801,2253.5625,3593.3196226512005,2253.5625,2789.46534906048,2199.74029880201,2739.647408115837,4161.5090290504795,2923.4410613256,0.0,0.06719999999999998,0.0,67199.99999999999,False
boost|standard|standard|standard,2257.3607474880005,10393.8031,0.004752,1.0,1.0,2318.5191,6122.1858873599995,2318.5191,3079.2524574720005,2300.4675,2691.01736068032,2230.3806,2454.8964492364803,2509.833655444481,2670.451724618816,3194.0806202932567,2495.7424303401604,0.0,0.6599999999999999,0.18000000000000005,840000.0,False
boost|standard|standard|boost,2301.19000288,10429.2854,0.004752,1.0,1.0,2379.3453999999997,6157.16192512,2379.3453999999997,3134.908705024,2358.295,2747.95150311808,2247.7804,2511.33352,2556.109208343041,2717.4852833535633,3235.3801662137894,2553.12325155904,0.0,0.6599999999999999,0.18000000000000005,840000.0,False
boost|standard|standard|protect,950.1354761760001,10359.334899999998,0.03348,0.25264032000000003,0.24000000000000002,8673.7074,9980.2522122432,2231.3829,6693.149238672001,2217.6825000000003,4460.67792220128,2217.6825000000003,3114.8806688805125,2190.4625934210962,2886.6082515672956,4750.575521392592,3339.180211100641,0.0,0.0,0.0,0.0,True
boost|standard|boost|spare,2265.846453856001,10402.878799999999,0.004752,1.0,1.0,2329.9708,6130.6365568,2329.9708,3090.10395136,2311.39,2701.9382873881596,2236.1488,2465.68660734976,2518.8841038558994,2679.7836014692302,3203.8919686200634,2506.66414369408,0.0,0.6599999999999999,0.18000000000000005,840000.0,False
boost|standard|boost|standard,2301.19000288,10429.2854,0.004752,1.0,1.0,2379.3453999999997,6157.16192512,2379.3453999999997,3134.908705024,2358.295,2747.95150311808,2247.7804,2511.33352,2556.109208343041,2717.4852833535633,3235.3801662137894,2553.12325155904,0.0,0.6599999999999999,0.18000000000000005,840000.0,False
boost|standard|boost|boost,2307.296504192,2464.7677,0.0,1.0,1.0,2440.1717,2442.9768246080002,2440.1717,2440.7327249216,2416.1225,2429.1009900608,2289.8642,2416.6188798080007,2341.0072806287494,2359.012151179037,2396.4914645462586,2422.6117450304,0.0,0.6599999999999999,0.18000000000000005,840000.0,False
boost|standard|boost|protect,1178.688604384,10394.8172,0.016632,0.4072,0.4072,10239.8472,10305.55348416,2292.2092000000002,4950.70004438272,2275.51,3616.358667600641,2275.51,2811.8494670402565,2218.9746438501825,2766.6502009731757,4239.536988464297,2945.93433380032,0.0,0.06719999999999998,0.0,67199.99999999999,False
boost|standard|protect|spare,1279.6271517600003,10332.928300000001,0.07809600000000001,0.26544480000000004,0.24000000000000002,10245.588300000001,10270.423587398402,8225.3958,9179.968434432001,2194.9883,7380.462057737602,2170.7774999999997,4255.895012161537,3123.7483513084526,4037.873289041519,6282.658077555708,4777.174390201922,0.0,0.0,0.0,0.0,True
boost|standard|protect|standard,950.1354761760001,10359.334899999998,0.03348,0.25264032000000003,0.24000000000000002,8673.7074,9980.2522122432,2231.3829,6693.149238672001,2217.6825000000003,4460.67792220128,2217.6825000000003,3114.8806688805125,2190.4625934210962,2886.6082515672956,4750.575521392592,3339.180211100641,0.0,0.0,0.0,0.0,True
boost|standard|protect|boost,1178.688604384,10394.8172,0.016632,0.4072,0.4072,10239.8472,10305.55348416,2292.2092000000002,4950.70004438272,2275.51,3616.358667600641,2275.51,2811.8494670402565,2218.9746438501825,2766.6502009731757,4239.536988464297,2945.93433380032,0.0,0.06719999999999998,0.0,67199.99999999999,False
boost|standard|protect|protect,2055.8303030400007,10324.8667,0.17433600000000005,0.3313641600000001,0.24000000000000002,10244.126699999999,10266.421126521602,8615.834200000001,9963.13987424512,8565.2342,9273.863057062401,2134.8975,6842.8798756170245,4443.984339966189,5476.057213791736,7682.210179027398,8017.524473616,0.04433600000000004,0.0,0.0,44336.000000000044,False
boost|boost|spare|spare,1169.9525058880001,10376.4722,0.016632,0.4072,0.4072,10225.1772,10289.41654176,2280.5962,4936.56302223232,2264.485,3603.66309154624,2264.485,2800.156236618496,2208.6233848135375,2748.719918975655,4170.766976232727,2934.0740457731204,0.0,0.06719999999999998,0.0,67199.99999999999,False
boost|boost|spare|standard,2265.846453856001,10402.878799999999,0.004752,1.0,1.0,2329.9708,6130.6365568,2329.9708,3090.10395136,2311.39,2701.9382873881596,2236.1488,2465.68660734976,2518.8841038558994,2679.7836014692302,3203.8919686200634,2506.66414369408,0.0,0.6599999999999999,0.18000000000000005,840000.0,False
boost|boost|spare|boost,2309.7039361279994,10438.3611,0.004752,1.0,1.0,2390.7971,6166.290039680001,2390.7971,3145.8956879360003,2369.2175,2758.9401743379203,2255.9246,2522.2114920320005,2565.260292431983,2726.9394163837346,3245.370960941338,2564.07883716896,0.0,0.6599999999999999,0.18000000000000005,840000.0,False
boost|boost|spare|protect,958.3402854880001,10368.410600000001,0.03348,0.25264032000000003,0.24000000000000002,8679.4756,9988.303948172801,2242.8346,6700.451338912,2228.605,4469.680876174721,2228.605,3125.0353504698883,2198.810748584356,2895.0311056176124,4758.973306335269,3349.14293808736,0.0,0.0,0.0,0.0,True
boost|boost|standard|spare,2265.846453856001,10402.878799999999,0.004752,1.0,1.0,2329.9708,6130.6365568,2329.9708,3090.10395136,2311.39,2701.9382873881596,2236.1488,2465.68660734976,2518.8841038558994,2679.7836014692302,3203.8919686200634,2506.66414369408,0.0,0.6599999999999999,0.18000000000000005,840000.0,False
boost|boost|standard|standard,2301.19000288,10429.2854,0.004752,1.0,1.0,2379.3453999999997,6157.16192512,2379.3453999999997,3134.908705024,2358.295,2747.95150311808,2247.7804,2511.33352,2556.109208343041,2717.4852833535633,3235.3801662137894,2553.12325155904,0.0,0.6599999999999999,0.18000000000000005,840000.0,False
boost|boost|standard|boost,2307.296504192,2464.7677,0.0,1.0,1.0,2440.1717,2442.9768246080002,2440.1717,2440.7327249216,2416.1225,2429.1009900608,2289.8642,2416.6188798080007,2341.0072806287494,2359.012151179037,2396.4914645462586,2422.6117450304,0.0,0.6599999999999999,0.18000000000000005,840000.0,False
boost|boost|standard|protect,1178.688604384,10394.8172,0.016632,0.4072,0.4072,10239.8472,10305.55348416,2292.2092000000002,4950.70004438272,2275.51,3616.358667600641,2275.51,2811.8494670402565,2218.9746438501825,2766.6502009731757,4239.536988464297,2945.93433380032,0.0,0.06719999999999998,0.0,67199.99999999999,False
boost|boost|boost|spare,2309.7039361279994,10438.3611,0.004752,1.0,1.0,2390.7971,6166.290039680001,2390.7971,3145.8956879360003,2369.2174999999997,2758.94017433792,2255.9246,2522.2114920320005,2565.2602924319826,2726.9394163837346,3245.3709609413377,2564.0788371689596,0.0,0.6599999999999999,0.18000000000000005,840000.0,False
boost|boost|boost|standard,2307.296504192,2464.7677,0.0,1.0,1.0,2440.1717,2442.9768246080002,2440.1717,2440.7327249216,2416.1225,2429.1009900608,2289.8642,2416.6188798080007,2341.0072806287494,2359.012151179037,2396.4914645462586,2422.6117450304,0.0,0.6599999999999999,0.18000000000000005,840000.0,False
boost|boost|boost|boost,2351.422560000001,2500.998,0.0,1.0,1.0,2500.998,2500.998,2500.998,2500.9980000000005,2473.9500000000003,2488.2313440000007,2331.9480000000003,2473.982457600001,2388.898357002046,2409.2881158928008,2451.6094831214036,2481.0906720000003,0.0,0.6599999999999999,0.18000000000000005,840000.0,False
boost|boost|boost|protect,2282.805486848,10430.2995,0.004752,1.0,1.0,2353.0355,6154.49146688,2353.0355,3113.326693376,2333.3375,2724.5950378976,2256.587,2487.87923902208,2537.5810947064247,2699.3225475514805,3225.2088583533086,2528.9662689488,0.0,0.6599999999999999,0.18000000000000005,840000.0,False
boost|boost|protect|spare,958.3402854880001,10368.4106,0.03348,0.25264032000000003,0.24000000000000002,8679.475599999998,9988.3039481728,2242.8346,6700.451338912,2228.605,4469.680876174721,2228.605,3125.0353504698883,2198.810748584356,2895.0311056176124,4758.973306335269,3349.14293808736,0.0,0.0,0.0,0.0,True
boost|boost|protect|standard,1178.688604384,10394.8172,0.016632,0.4072,0.4072,10239.8472,10305.55348416,2292.2092000000002,4950.70004438272,2275.51,3616.358667600641,2275.51,2811.8494670402565,2218.9746438501825,2766.6502009731757,4239.536988464297,2945.93433380032,0.0,0.06719999999999998,0.0,67199.99999999999,False
boost|boost|protect|boost,2282.805486848,10430.2995,0.004752,1.0,1.0,2353.0355,6154.49146688,2353.0355,3113.326693376,2333.3375,2724.5950378976,2256.587,2487.87923902208,2537.5810947064247,2699.3225475514805,3225.2088583533086,2528.9662689488,0.0,0.6599999999999999,0.18000000000000005,840000.0,False
boost|boost|protect|protect,1640.4453743680003,10360.349,0.12021600000000002,0.28189728000000003,0.24000000000000002,10273.977,10297.876297536002,8606.322000000002,9573.751572364801,8205.722,8975.873949920002,2192.725,5395.376616712961,3769.706572189951,4753.131794300209,7016.0936887607895,6196.0395208912005,0.0,0.0,0.0,0.0,True
boost|protect|spare|spare,2033.5546839360002,10306.521700000001,0.17433600000000005,0.29935296000000006,0.24000000000000002,10224.2857,10247.566268473602,8601.164200000001,9944.69936557312,8550.5642,9256.993297702402,2123.8725,6781.940995094787,4413.4201369587945,5443.576588044844,7649.954734600292,7944.663978585602,0.04433600000000004,0.0,0.0,44336.000000000044,False
boost|protect|spare|standard,1279.6271517600003,10332.928300000001,0.07809600000000001,0.26544480000000004,0.24000000000000002,10245.588300000001,10270.423587398402,8225.3958,9179.968434432001,2194.9883,7380.462057737602,2170.7774999999997,4255.895012161537,3123.7483513084526,4037.873289041519,6282.658077555708,4777.174390201922,0.0,0.0,0.0,0.0,True
boost|protect|spare|boost,958.3402854880001,10368.410600000001,0.03348,0.25264032000000003,0.24000000000000002,8679.4756,9988.303948172801,2242.8346,6700.451338912,2228.6050000000005,4469.680876174721,2228.6050000000005,3125.0353504698887,2198.8107485843566,2895.0311056176124,4758.973306335269,3349.14293808736,0.0,0.0,0.0,0.0,True
boost|protect|spare|protect,2889.544381600001,8698.4601,0.3325200000000001,0.25108800000000003,0.0,8635.1285,8653.325076992001,8584.5285,8610.955991844481,8559.4925,8591.299098509122,8516.495,8554.725292736,5238.078447476158,6056.855701138353,7545.455644916276,8564.28286592,0.2025200000000001,0.0,0.0,202520.0000000001,False
boost|protect|standard|spare,1279.6271517600003,10332.928300000001,0.07809600000000001,0.26544480000000004,0.24000000000000002,10245.588300000001,10270.423587398402,8225.3958,9179.968434432001,2194.9883,7380.462057737602,2170.7774999999997,4255.895012161537,3123.7483513084526,4037.873289041519,6282.658077555708,4777.174390201922,0.0,0.0,0.0,0.0,True
boost|protect|standard|standard,950.1354761760001,10359.334899999998,0.03348,0.25264032000000003,0.24000000000000002,8673.7074,9980.2522122432,2231.3829,6693.149238672001,2217.6825000000003,4460.67792220128,2217.6825000000003,3114.8806688805125,2190.4625934210962,2886.6082515672956,4750.575521392592,3339.180211100641,0.0,0.0,0.0,0.0,True
boost|protect|standard|boost,1178.688604384,10394.8172,0.016632,0.4072,0.4072,10239.8472,10305.55348416,2292.2092000000002,4950.70004438272,2275.51,3616.358667600641,2275.51,2811.8494670402565,2218.9746438501825,2766.6502009731757,4239.536988464297,2945.93433380032,0.0,0.06719999999999998,0.0,67199.99999999999,False
boost|protect|standard|protect,2055.8303030400007,10324.8667,0.17433600000000005,0.3313641600000001,0.24000000000000002,10244.126699999999,10266.421126521602,8615.834200000001,9963.13987424512,8565.2342,9273.863057062401,2134.8975,6842.8798756170245,4443.984339966189,5476.057213791736,7682.210179027398,8017.524473616,0.04433600000000004,0.0,0.0,44336.000000000044,False
boost|protect|boost|spare,958.3402854880001,10368.410600000001,0.03348,0.25264032000000003,0.24000000000000002,8679.4756,9988.303948172801,2242.8346,6700.451338912,2228.605,4469.680876174721,2228.605,3125.0353504698883,2198.810748584356,2895.0311056176124,4758.973306335269,3349.14293808736,0.0,0.0,0.0,0.0,True
boost|protect|boost|standard,1178.688604384,10394.8172,0.016632,0.4072,0.4072,10239.8472,10305.55348416,2292.2092000000002,4950.70004438272,2275.51,3616.358667600641,2275.51,2811.8494670402565,2218.9746438501825,2766.6502009731757,4239.536988464297,2945.93433380032,0.0,0.06719999999999998,0.0,67199.99999999999,False
boost|protect|boost|boost,2282.805486848,10430.2995,0.004752,1.0,1.0,2353.0355,6154.49146688,2353.0355,3113.326693376,2333.3375,2724.5950378976,2256.587,2487.87923902208,2537.5810947064247,2699.3225475514805,3225.2088583533086,2528.9662689488,0.0,0.6599999999999999,0.18000000000000005,840000.0,False
boost|protect|boost|protect,1640.4453743680003,10360.349,0.12021600000000002,0.28189728000000003,0.24000000000000002,10273.977,10297.876297536002,8606.322000000002,9573.751572364801,8205.722,8975.873949920002,2192.725,5395.376616712961,3769.706572189951,4753.131794300209,7016.0936887607895,6196.0395208912005,0.0,0.0,0.0,0.0,True
boost|protect|protect|spare,2889.544381600001,8698.4601,0.3325200000000001,0.25108800000000003,0.0,8635.1285,8653.325076992001,8584.5285,8610.955991844481,8559.4925,8591.299098509122,8516.495,8554.725292736,5238.078447476158,6056.855701138353,7545.455644916276,8564.28286592,0.2025200000000001,0.0,0.0,202520.0000000001,False
boost|protect|protect|standard,2055.8303030400007,10324.8667,0.17433600000000005,0.3313641600000001,0.24000000000000002,10244.126699999999,10266.421126521602,8615.834200000001,9963.13987424512,8565.2342,9273.863057062401,2134.8975,6842.8798756170245,4443.984339966189,5476.057213791736,7682.210179027398,8017.524473616,0.04433600000000004,0.0,0.0,44336.000000000044,False
boost|protect|protect|boost,1640.4453743680003,10360.349,0.12021600000000002,0.28189728000000003,0.24000000000000002,10273.977,10297.876297536002,8606.322000000002,9573.751572364801,8205.722,8975.873949920002,2192.725,5395.376616712961,3769.706572189951,4753.131794300209,7016.0936887607895,6196.0395208912005,0.0,0.0,0.0,0.0,True
boost|protect|protect|protect,5290.74048,8690.3985,0.6290319999999999,0.3325200000000001,0.0,8633.8985,8651.1480224,8590.125,8613.55659792,8564.8625,8594.4764857232,8533.625,8563.265822336001,7067.620901321983,7505.503067129909,8210.895740238422,8570.676027919999,0.4990319999999999,0.0,0.0,499031.99999999994,False
protect|spare|spare|spare,5260.732202800001,8656.2458,0.6290319999999999,0.3325200000000001,0.0,8599.015,8619.341908096001,8560.4908,8583.478371903999,8530.790799999999,8562.2119845376,8503.26,8532.5264592,7036.4192585223145,7474.127583251286,8179.314024672306,8539.843074,0.4990319999999999,0.0,0.0,499031.99999999994,False
protect|spare|spare|standard,2850.684274,8682.6524,0.3325200000000001,0.17433600000000005,0.0,8619.124,8638.664718208001,8568.524,8596.64168970752,8541.7624,8576.1761936128,8152.83,8435.98588032768,5192.170686883867,6012.7422326424585,7510.509593582202,8505.846557334402,0.2025200000000001,0.0,0.0,202520.0000000001,False
protect|spare|spare|boost,2041.9160439360005,10318.1347,0.17433600000000005,0.29935296000000006,0.24000000000000002,10235.8987,10258.941509497601,8609.102200000001,9955.54622132992,8558.5022,9266.310435238402,2134.8975,6791.348721510145,4422.457092886273,5452.861561254626,7659.8581373490515,7953.5935582656,0.04433600000000004,0.0,0.0,44336.000000000044,False
protect|spare|spare|protect,5374.699824,8648.1842,0.6290319999999999,0.6290319999999999,0.0,8597.5842,8617.1979196416,8570.7892,8588.547522496,8534.689999999999,8565.410718429439,8520.189199999999,8541.067862681597,7127.037428326414,7551.385111757823,8218.991667550754,8546.2775317248,0.4990319999999999,0.0,0.0,499031.99999999994,False
protect|spare|standard|spare,2850.684274,8682.6524,0.3325200000000001,0.17433600000000005,0.0,8619.124,8638.664718208001,8568.524,8596.64168970752,8541.7624,8576.1761936128,8152.83,8435.98588032768,5192.170686883867,6012.7422326424585,7510.509593582202,8505.846557334402,0.2025200000000001,0.0,0.0,202520.0000000001,False
protect|spare|standard|standard,2034.3474102080004,10309.059,0.17433600000000005,0.29935296000000006,0.24000000000000002,10227.351,10250.343657408,8603.334,9947.464163942399,8552.734,9259.590642688001,2123.975,6784.2519350681605,4415.001372151991,5445.405700668742,7652.259771254575,7947.349165500801,0.04433600000000004,0.0,0.0,44336.000000000044,False
protect|spare|standard|boost,1287.9885117600004,10344.5413,0.07809600000000001,0.26544480000000004,0.24000000000000002,10257.2013,10281.798828422403,8233.3338,9189.085915392001,2206.6013,7389.735330473601,2181.8025,4266.281191274496,3132.7997227804785,4047.170176054742,6292.465479383777,4787.40086409312,0.0,0.0,0.0,0.0,True
protect|spare|standard|protect,5276.499216,8674.5908,0.6290319999999999,0.3325200000000001,0.0,8617.894,8636.487663616,8576.656799999999,8599.795044863999,8547.890000000001,8579.47678234496,8519.960000000001,8549.276040704,7053.14343635053,7491.022440165126,8196.390692927534,8556.60505088,0.4990319999999999,0.0,0.0,499031.99999999994,False
protect|spare|boost|spare,2041.9160439360005,10318.1347,0.17433600000000005,0.29935296000000006,0.24000000000000002,10235.8987,10258.941509497601,8609.102200000001,9955.54622132992,8558.5022,9266.310435238402,2134.8975,6791.348721510145,4422.457092886273,5452.861561254626,7659.8581373490515,7953.5935582656,0.04433600000000004,0.0,0.0,44336.000000000044,False
protect|spare|boost|standard,1287.9885117600004,10344.5413,0.07809600000000001,0.26544480000000004,0.24000000000000002,10257.2013,10281.798828422403,8233.3338,9189.085915392001,2206.6013,7389.735330473601,2181.8025,4266.281191274496,3132.7997227804785,4047.170176054742,6292.465479383777,4787.40086409312,0.0,0.0,0.0,0.0,True
protect|spare|boost|boost,966.7016454880003,10380.0236,0.03348,0.25264032000000003,0.24000000000000002,8687.4136,9998.9571251968,2254.4476,6709.9960136320005,2239.63,4480.155568856319,2239.63,3135.840227542528,2207.897743940316,2904.402434959045,4768.83708564088,3359.8927844281598,0.0,0.0,0.0,0.0,True
protect|spare|boost|protect,2897.9057416,8710.0731,0.3325200000000001,0.25108800000000003,0.0,8646.1535,8663.469911552,8595.5535,8620.432315562879,8570.5175,8601.11824645472,8523.845,8563.232476736,5247.055887903653,6065.986403768945,7554.948315877595,8573.079345920001,0.2025200000000001,0.0,0.0,202520.0000000001,False
protect|spare|protect|spare,5374.699824,8648.1842,0.6290319999999999,0.6290319999999999,0.0,8597.5842,8617.1979196416,8570.7892,8588.547522496,8534.689999999999,8565.410718429439,8520.189199999999,8541.067862681597,7127.037428326414,7551.385111757823,8218.991667550754,8546.2775317248,0.4990319999999999,0.0,0.0,499031.99999999994,False
protect|spare|protect|standard,5276.499216,8674.5908,0.6290319999999999,0.3325200000000001,0.0,8617.894,8636.487663616,8576.656799999999,8599.795044863999,8547.890000000001,8579.47678234496,8519.960000000001,8549.276040704,7053.14343635053,7491.022440165126,8196.390692927534,8556.60505088,0.4990319999999999,0.0,0.0,499031.99999999994,False
protect|spare|protect|boost,2897.9057416,8710.0731,0.3325200000000001,0.25108800000000003,0.0,8646.1535,8663.469911552,8595.5535,8620.432315562879,8570.5175,8601.11824645472,8523.845,8563.232476736,5247.055887903653,6065.986403768945,7554.948315877595,8573.079345920001,0.2025200000000001,0.0,0.0,202520.0000000001,False
protect|spare|protect|protect,8483.899272,8640.1226,1.0,1.0,0.0,8595.82,8616.904347520003,8581.0876,8593.616673088001,8538.9226,8571.158622304,8530.487600000002,8549.638123404802,8517.416548658768,8531.214572226925,8561.824402709826,8554.389163016,0.87,0.0,0.18000000000000005,1050000.0,False
protect|standard|spare|spare,2850.684274,8682.6524,0.3325200000000001,0.17433600000000005,0.0,8619.124,8638.664718208001,8568.524,8596.64168970752,8541.7624,8576.1761936128,8152.83,8435.98588032768,5192.170686883867,6012.7422326424585,7510.509593582202,8505.846557334402,0.2025200000000001,0.0,0.0,202520.0000000001,False
protect|standard|spare|standard,2034.3474102080004,10309.059,0.17433600000000005,0.29935296000000006,0.24000000000000002,10227.351,10250.343657408,8603.334,9947.464163942399,8552.734,9259.590642688001,2123.975,6784.2519350681605,4415.001372151991,5445.405700668742,7652.259771254575,7947.349165500801,0.04433600000000004,0.0,0.0,44336.000000000044,False
protect|standard|spare|boost,1287.9885117600004,10344.5413,0.07809600000000001,0.26544480000000004,0.24000000000000002,10257.2013,10281.798828422403,8233.3338,9189.085915392001,2206.6013,7389.735330473601,2181.8025,4266.281191274496,3132.7997227804785,4047.170176054742,6292.465479383777,4787.40086409312,0.0,0.0,0.0,0.0,True
protect|standard|spare|protect,5276.499216,8674.5908,0.6290319999999999,0.3325200000000001,0.0,8617.894,8636.487663616,8576.656799999999,8599.795044863999,8547.890000000001,8579.47678234496,8519.960000000001,8549.276040704,7053.14343635053,7491.022440165126,8196.390692927534,8556.60505088,0.4990319999999999,0.0,0.0,499031.99999999994,False
protect|standard|standard|spare,2034.3474102080004,10309.059,0.17433600000000005,0.29935296000000006,0.24000000000000002,10227.351,10250.343657408,8603.334,9947.464163942399,8552.734,9259.590642688001,2123.975,6784.2519350681605,4415.001372151991,5445.405700668742,7652.259771254575,7947.349165500801,0.04433600000000004,0.0,0.0,44336.000000000044,False
protect|standard|standard|standard,1280.067507728,10335.465600000001,0.07809600000000001,0.26544480000000004,0.24000000000000002,10248.653600000001,10273.200976332802,8228.093600000002,9182.5058597888,2198.0535999999997,7383.048714035201,2170.8799999999997,4257.132801708032,3127.6152063182317,4045.938492443793,6295.704004147814,4778.6960021350405,0.0,0.0,0.0,0.0,True
protect|standard|standard|boost,958.4968361760002,10370.9479,0.03348,0.25264032000000003,0.24000000000000002,8681.6454,9990.9053892672,2242.9959000000003,6702.693913392,2228.7075000000004,4471.15261488288,2228.7075000000004,3125.6855459531525,2199.5495887770558,2895.979580908729,4760.439300698203,3349.9300574414406,0.0,0.0,0.0,0.0,True
protect|standard|standard|protect,2891.2741631999993,8700.9974,0.3325200000000001,0.25108800000000003,0.0,8638.002999999999,8655.810473728001,8587.403,8613.51395737472,8562.894999999999,8594.09690615488,8519.529999999999,8557.485092608,5240.370194772206,6059.252386263331,7547.999351280498,8566.97386576,0.2025200000000001,0.0,0.0,202520.0000000001,False
protect|standard|boost|spare,1287.9885117600004,10344.5413,0.07809600000000001,0.26544480000000004,0.24000000000000002,10257.2013,10281.798828422403,8233.3338,9189.085915392001,2206.6013,7389.735330473601,2181.8025,4266.281191274496,3132.7997227804785,4047.170176054742,6292.465479383777,4787.40086409312,0.0,0.0,0.0,0.0,True
protect|standard|boost|standard,958.4968361760002,10370.9479,0.03348,0.25264032000000003,0.24000000000000002,8681.6454,9990.9053892672,2242.9959000000003,6702.693913392,2228.7075000000004,4471.15261488288,2228.7075000000004,3125.6855459531525,2199.5495887770558,2895.979580908729,4760.439300698203,3349.9300574414406,0.0,0.0,0.0,0.0,True
protect|standard|boost|boost,2343.009964384001,10406.4302,0.016632,1.0,1.0,10247.7852,10314.95842656,2303.8222,4961.33642906752,2286.5350000000003,3627.3039249222406,2286.5350000000003,2822.842569968896,2912.302134653405,3286.4686922149676,4463.402964050402,2956.91946246112,0.0,0.6599999999999999,0.18000000000000005,840000.0,False
protect|standard|boost|protect,2064.1916630400005,10336.479700000002,0.17433600000000005,0.3313641600000001,0.24000000000000002,10255.7397,10277.796367545601,8623.772200000001,9973.986730001921,8573.1722,9283.180194598403,2145.9225,6852.287602032385,4453.021295893666,5485.342187001521,7692.113581776156,8026.454053296002,0.04433600000000004,0.0,0.0,44336.000000000044,False
protect|standard|protect|spare,5276.499216,8674.5908,0.6290319999999999,0.3325200000000001,0.0,8617.894,8636.487663616,8576.656799999999,8599.795044863999,8547.890000000001,8579.47678234496,8519.960000000001,8549.276040704,7053.14343635053,7491.022440165126,8196.390692927534,8556.60505088,0.4990319999999999,0.0,0.0,499031.99999999994,False
protect|standard|protect|standard,2891.2741631999993,8700.9974,0.3325200000000001,0.25108800000000003,0.0,8638.002999999999,8655.810473728001,8587.403,8613.51395737472,8562.894999999999,8594.09690615488,8519.529999999999,8557.485092608,5240.370194772206,6059.252386263331,7547.999351280498,8566.97386576,0.2025200000000001,0.0,0.0,202520.0000000001,False
protect|standard|protect|boost,2064.1916630400005,10336.479700000002,0.17433600000000005,0.3313641600000001,0.24000000000000002,10255.7397,10277.796367545601,8623.772200000001,9973.986730001921,8573.1722,9283.180194598403,2145.9225,6852.287602032385,4453.021295893666,5485.342187001521,7692.113581776156,8026.454053296002,0.04433600000000004,0.0,0.0,44336.000000000044,False
protect|standard|protect|protect,8359.639063999999,8666.529199999999,1.0,0.6290319999999999,0.0,8615.929199999999,8634.4316100096,8586.955199999999,8604.864195455999,8552.5252,8582.670029482239,8536.3552,8557.8197681536,8468.80232921207,8500.5479233546,8560.202420340087,8563.1493289088,0.87,0.0,0.0,870000.0,False
protect|boost|spare|spare,2041.9160439360005,10318.1347,0.17433600000000005,0.29935296000000006,0.24000000000000002,10235.8987,10258.941509497601,8609.102200000001,9955.54622132992,8558.5022,9266.310435238402,2134.8975,6791.348721510145,4422.457092886273,5452.861561254626,7659.8581373490515,7953.5935582656,0.04433600000000004,0.0,0.0,44336.000000000044,False
protect|boost|spare|standard,1287.9885117600004,10344.5413,0.07809600000000001,0.26544480000000004,0.24000000000000002,10257.2013,10281.798828422403,8233.3338,9189.085915392001,2206.6013,7389.735330473601,2181.8025,4266.281191274496,3132.7997227804785,4047.170176054742,6292.465479383777,4787.40086409312,0.0,0.0,0.0,0.0,True
protect|boost|spare|boost,966.7016454880003,10380.0236,0.03348,0.25264032000000003,0.24000000000000002,8687.4136,9998.9571251968,2254.4476,6709.9960136320005,2239.63,4480.155568856319,2239.63,3135.840227542528,2207.897743940316,2904.402434959045,4768.83708564088,3359.8927844281598,0.0,0.0,0.0,0.0,True
protect|boost|spare|protect,2897.9057416,8710.0731,0.3325200000000001,0.25108800000000003,0.0,8646.1535,8663.469911552,8595.5535,8620.432315562879,8570.5175,8601.11824645472,8523.845,8563.232476736,5247.055887903653,6065.986403768945,7554.948315877595,8573.079345920001,0.2025200000000001,0.0,0.0,202520.0000000001,False
protect|boost|standard|spare,1287.9885117600004,10344.5413,0.07809600000000001,0.26544480000000004,0.24000000000000002,10257.2013,10281.798828422403,8233.3338,9189.085915392001,2206.6013,7389.735330473601,2181.8025,4266.281191274496,3132.7997227804785,4047.170176054742,6292.465479383777,4787.40086409312,0.0,0.0,0.0,0.0,True
protect|boost|standard|standard,958.4968361760002,10370.9479,0.03348,0.25264032000000003,0.24000000000000002,8681.6454,9990.9053892672,2242.9959000000003,6702.693913392,2228.7075000000004,4471.15261488288,2228.7075000000004,3125.6855459531525,2199.5495887770558,2895.979580908729,4760.439300698203,3349.9300574414406,0.0,0.0,0.0,0.0,True
protect|boost|standard|boost,2343.009964384001,10406.4302,0.016632,1.0,1.0,10247.7852,10314.95842656,2303.8222,4961.33642906752,2286.5350000000003,3627.3039249222406,2286.5350000000003,2822.842569968896,2912.302134653405,3286.4686922149676,4463.402964050402,2956.91946246112,0.0,0.6599999999999999,0.18000000000000005,840000.0,False
protect|boost|standard|protect,2064.1916630400005,10336.479700000002,0.17433600000000005,0.3313641600000001,0.24000000000000002,10255.7397,10277.796367545601,8623.772200000001,9973.986730001921,8573.1722,9283.180194598403,2145.9225,6852.287602032385,4453.021295893666,5485.342187001521,7692.113581776156,8026.454053296002,0.04433600000000004,0.0,0.0,44336.000000000044,False
protect|boost|boost|spare,966.7016454880003,10380.0236,0.03348,0.25264032000000003,0.24000000000000002,8687.4136,9998.9571251968,2254.4476,6709.9960136320005,2239.63,4480.155568856319,2239.63,3135.840227542528,2207.897743940316,2904.402434959045,4768.83708564088,3359.8927844281598,0.0,0.0,0.0,0.0,True
protect|boost|boost|standard,2343.009964384001,10406.4302,0.016632,1.0,1.0,10247.7852,10314.95842656,2303.8222,4961.33642906752,2286.5350000000003,3627.3039249222406,2286.5350000000003,2822.842569968896,2912.302134653405,3286.4686922149676,4463.402964050402,2956.91946246112,0.0,0.6599999999999999,0.18000000000000005,840000.0,False
protect|boost|boost|boost,2291.166846848,10441.912499999999,0.004752,1.0,1.0,2364.6485000000002,6164.7772332800005,2364.6485000000002,3124.6742466560004,2344.3625,2735.8190142752005,2264.525,2498.90494462208,2546.7236711209193,2708.8476330842527,3235.482387461025,2540.0907571376,0.0,0.6599999999999999,0.18000000000000005,840000.0,False
protect|boost|boost|protect,1648.806734368001,10371.962000000001,0.12021600000000002,0.28189728000000003,0.24000000000000002,10285.590000000002,10309.251538560002,8613.672000000002,9583.543699123202,8213.072,8984.644393280001,2203.75,5405.292231185922,3778.7458611604047,4762.408122653011,7025.91326774919,6205.677788982401,0.0,0.0,0.0,0.0,True
protect|boost|protect|spare,2897.9057416,8710.0731,0.3325200000000001,0.25108800000000003,0.0,8646.1535,8663.469911552,8595.5535,8620.432315562879,8570.5175,8601.11824645472,8523.845,8563.232476736,5247.055887903653,6065.986403768945,7554.948315877595,8573.079345920001,0.2025200000000001,0.0,0.0,202520.0000000001,False
protect|boost|protect|standard,2064.1916630400005,10336.479700000002,0.17433600000000005,0.3313641600000001,0.24000000000000002,10255.7397,10277.796367545601,8623.772200000001,9973.986730001921,8573.1722,9283.180194598403,2145.9225,6852.287602032385,4453.021295893666,5485.342187001521,7692.113581776156,8026.454053296002,0.04433600000000004,0.0,0.0,44336.000000000044,False
protect|boost|protect|boost,1648.806734368001,10371.962000000001,0.12021600000000002,0.28189728000000003,0.24000000000000002,10285.590000000002,10309.251538560002,8613.672000000002,9583.543699123202,8213.072,8984.644393280001,2203.75,5405.292231185922,3778.7458611604047,4762.408122653011,7025.91326774919,6205.677788982401,0.0,0.0,0.0,0.0,True
protect|boost|protect|protect,5299.101840000001,8702.0115,0.6290319999999999,0.3325200000000001,0.0,8644.923499999999,8661.29285696,8598.063,8622.5719355904,8575.887499999999,8604.2956336688,8540.975,8571.987869553921,7074.920032676828,7511.59694635334,8218.004644878914,8579.5720519936,0.4990319999999999,0.0,0.0,499031.99999999994,False
protect|protect|spare|spare,5383.061184000001,8659.797199999999,0.6290319999999999,0.6290319999999999,0.0,8608.81,8627.309688063999,8578.7272,8597.259847935999,8543.91,8574.67580648064,8527.74,8549.574172800001,7129.853992849057,7549.70251784295,8219.926313204176,8555.032716000002,0.4990319999999999,0.0,0.0,499031.99999999994,False
protect|protect|spare|standard,5284.860576000002,8686.203800000001,0.6290319999999999,0.3325200000000001,0.0,8628.919,8646.632498176,8584.594799999999,8608.5524610816,8558.915,8589.29593029056,8527.31,8557.81519816448,7060.437979427664,7497.104578316856,8203.472665569232,8565.4163438784,0.4990319999999999,0.0,0.0,499031.99999999994,False
protect|protect|spare|boost,2999.5361896,10321.686099999999,0.3325200000000001,0.27619968,0.05280000000000001,10220.4861,10259.736656928,8606.831,9513.00774601088,8581.5425,9053.950514400321,8531.195,8748.944908736,5522.835018329018,6437.998586853551,8211.056462384933,8803.382385919998,0.2025200000000001,0.0,0.0,202520.0000000001,False
protect|protect|spare|protect,8492.260632,8651.735600000002,1.0,1.0,0.0,8603.17,8626.438885120002,8589.0256,8602.328998528,8550.535600000001,8579.708753824,8538.425600000002,8558.142748428801,8526.333225098639,8540.190178006962,8570.931610102936,8562.852488096,0.87,0.0,0.18000000000000005,1050000.0,False
protect|protect|standard|spare,5284.860576000002,8686.203800000001,0.6290319999999999,0.3325200000000001,0.0,8628.919,8646.632498176,8584.594799999999,8608.5524610816,8558.915,8589.29593029056,8527.31,8557.81519816448,7060.437979427664,7497.104578316856,8203.472665569232,8565.4163438784,0.4990319999999999,0.0,0.0,499031.99999999994,False
protect|protect|standard|standard,2899.6355232,8712.6104,0.3325200000000001,0.25108800000000003,0.0,8649.028,8665.955308288003,8598.428000000002,8622.99028109312,8573.92,8603.91605410048,8526.88,8565.992276608002,5249.3476351997015,6068.383088893925,7557.492022241815,8575.770345760002,0.2025200000000001,0.0,0.0,202520.0000000001,False
protect|protect|standard|boost,2072.5530230400004,10348.092700000001,0.17433600000000005,0.3313641600000001,0.24000000000000002,10267.3527,10289.1716085696,8631.710200000001,9984.833585758719,8581.110200000001,9292.497332134402,2156.9474999999998,6861.695328447746,4462.058251821145,5494.627160211303,7702.016984524915,8035.3836329760015,0.04433600000000004,0.0,0.0,44336.000000000044,False
protect|protect|standard|protect,8368.000424000002,8678.142199999998,1.0,0.6290319999999999,0.0,8627.542199999998,8644.4796174336,8594.893199999999,8613.576520896,8564.1382,8592.476486035841,8544.2932,8566.324393177601,8477.764296694471,8509.638688569637,8569.586277580156,8571.824883180801,0.87,0.0,0.0,870000.0,False
protect|protect|boost|spare,2999.5361896,10321.686099999999,0.3325200000000001,0.27619968,0.05280000000000001,10220.4861,10259.736656928,8606.831,9513.00774601088,8581.5425,9053.950514400321,8531.195,8748.944908736,5522.835018329018,6437.998586853551,8211.056462384933,8803.382385919998,0.2025200000000001,0.0,0.0,202520.0000000001,False
protect|protect|boost|standard,2072.5530230400004,10348.092700000001,0.17433600000000005,0.3313641600000001,0.24000000000000002,10267.3527,10289.1716085696,8631.710200000001,9984.833585758719,8581.110200000001,9292.497332134402,2156.9474999999998,6861.695328447746,4462.058251821145,5494.627160211303,7702.016984524915,8035.3836329760015,0.04433600000000004,0.0,0.0,44336.000000000044,False
protect|protect|boost|boost,1657.1680943680003,10383.575,0.12021600000000002,0.28189728000000003,0.24000000000000002,10297.203000000001,10320.626779584001,8621.022,9593.3358258816,8220.422,8993.41483664,2214.7749999999996,5415.2078456588815,3787.7851501308573,4771.684451005813,7035.732846737588,6215.316057073602,0.0,0.0,0.0,0.0,True
protect|protect|boost|protect,5307.463200000001,8713.6245,0.6290319999999999,0.3325200000000001,0.0,8655.9485,8671.437691520001,8606.001,8631.6894165504,8586.9125,8614.1147816144,8548.324999999999,8580.78234564992,7083.88389197452,7520.697606891913,8227.433932229567,8588.5016316736,0.4990319999999999,0.0,0.0,499031.99999999994,False
protect|protect|protect|spare,8500.621992000002,8663.348600000001,1.0,1.0,0.0,8612.7486,8636.2418531328,8596.9636,8611.041323967998,8559.92,8588.391320683519,8546.3636,8566.647373452803,8535.207102312934,8549.127359427921,8580.307238620166,8571.426761798402,0.87,0.0,0.18000000000000005,1050000.0,False
protect|protect|protect|standard,8376.361784000002,8689.7552,1.0,0.6290319999999999,0.0,8638.713999999998,8654.600278144,8602.831199999999,8622.288846336,8575.31,8602.29246545024,8551.79,8574.830938304,8486.59394795193,8518.534255486962,8578.994849483066,8580.59117288,0.87,0.0,0.0,870000.0,False
protect|protect|protect|boost,5315.824560000001,8725.2375,0.6290319999999999,0.3325200000000001,0.0,8666.9735,8681.582526080001,8616.3735,8641.0898915808,8597.9375,8623.93392956,8555.675,8589.57682174592,7091.883802345779,7528.078864209641,8235.65400162808,8597.5809350512,0.4990319999999999,0.0,0.0,499031.99999999994,False
protect|protect|protect|protect,8520.599999999999,8666.9,1.0,1.0,0.0,8628.4,8646.6952,8615.2,8624.8228,8576.7,8603.199,8564.6,8583.722259200002,8551.950499210801,8564.91339415526,8593.507012066913,8588.502824000001,0.87,0.0,0.18000000000000005,1050000.0,False
