sequence,mean,worst,prob_catastrophic,prob_degraded,prob_rejected,prob_shortage,var01,cvar01,var05,cvar05,var10,cvar10,var25,cvar25,wowa_mild,wowa_balanced,wowa_severe,robust20,viol_catastrophic,viol_degraded,viol_rejected,viol_shortage,violation_score,feasible
gentle|gentle|gentle|gentle,2344.9811504000004,9386.8844,0.25108800000000003,0.0,0.12021600000000002,0.12021600000000002,9354.3484,9365.901652480003,9330.596,9345.17988786176,9312.4184,9333.550688576,9068.06,9197.5144937984,4823.495564412199,5820.261539437978,7751.893166806759,9229.878117248,0.17608800000000002,0.0,0.0,0.0,176088.00000000003,False
gentle|gentle|gentle|standard,1166.9386588928,9396.5417,0.12021600000000002,0.0,0.07809600000000001,0.07809600000000001,9361.2253,9372.636249088,9331.6314,9349.47201441792,9083.0478,9286.792336560002,75.8525,4491.365569517312,3225.2220907522806,4240.219200691085,6559.21635048913,5595.240301477759,0.04521600000000002,0.0,0.0,0.0,45216.00000000002,False
gentle|gentle|gentle|strong,959.2979864512001,9873.289550000001,0.07809600000000001,0.24000000000000002,0.26544480000000004,0.26544480000000004,9827.884750000001,9841.277852464,9106.4635,9504.42886684672,802.1247500000001,7486.049786494401,794.26375,3471.520681996288,2762.182082715106,3691.988977336661,6012.66529567696,4140.83491499536,0.0030960000000000154,0.0,0.0,0.0,3096.0000000000155,False
gentle|gentle|gentle|protect,5770.9234435200015,9377.6736,0.6290319999999999,0.0,0.25108800000000003,0.25108800000000003,9348.7328,9360.207017216,9331.9608,9343.125649919999,9315.0208,9331.763150464003,9303.019999999999,9317.1732489728,7695.505360630981,8165.563927891134,8916.909268589892,9320.711561216,0.554032,0.0,0.0,0.0,554032.0,False
gentle|gentle|standard|gentle,1166.9386588928,9396.5417,0.12021600000000002,0.0,0.07809600000000001,0.07809600000000001,9361.2253,9372.636249088,9331.6314,9349.47201441792,9083.0478,9286.792336560002,75.8525,4491.365569517312,3225.2220907522806,4240.219200691085,6559.21635048913,5595.240301477759,0.04521600000000002,0.0,0.0,0.0,45216.00000000002,False
gentle|gentle|standard|standard,952.7132288768001,9866.199,0.07809600000000001,0.24000000000000002,0.26544480000000004,0.26544480000000004,9821.3318,9834.6342840704,9102.6668,9499.46417297408,795.5718,7481.002512403202,785.195,3464.0282367918085,2755.711885941037,3685.5748882155767,6006.415596475586,4133.736545989761,0.0030960000000000154,0.0,0.0,0.0,3096.0000000000155,False
gentle|gentle|standard|strong,568.0290184767999,9882.94685,0.03348,0.24000000000000002,0.25264032000000003,0.25264032000000003,9385.2781,9760.950071267202,819.63325,6559.0011610768,813.60625,3688.4376653943996,813.60625,1963.53881615776,1679.9171223910323,2346.6183038217764,4239.663828009353,2251.0219576972,0.0,0.0,0.0,0.0,0.0,True
gentle|gentle|standard|protect,3090.961128640001,9387.3309,0.3325200000000001,0.0,0.17433600000000005,0.17433600000000005,9355.609699999999,9366.941613824003,9332.9962,9346.77755358208,9320.7434,9336.1874158208,9071.275000000001,9249.762568931585,5662.011164467963,6560.199801955736,8186.152593201644,9294.211354862722,0.2575200000000001,0.0,0.0,0.0,257520.0000000001,False
gentle|gentle|strong|gentle,959.2979864512001,9873.289550000001,0.07809600000000001,0.24000000000000002,0.26544480000000004,0.26544480000000004,9827.884750000001,9841.277852464,9106.4635,9504.42886684672,802.1247500000001,7486.049786494401,794.26375,3471.520681996288,2762.182082715106,3691.988977336661,6012.66529567696,4140.83491499536,0.0030960000000000154,0.0,0.0,0.0,3096.0000000000155,False
gentle|gentle|strong|standard,568.0290184767999,9882.94685,0.03348,0.24000000000000002,0.25264032000000003,0.25264032000000003,9385.2781,9760.950071267202,819.63325,6559.0011610768,813.60625,3688.4376653943996,813.60625,1963.53881615776,1679.9171223910323,2346.6183038217764,4239.663828009353,2251.0219576972,0.0,0.0,0.0,0.0,0.0,True
gentle|gentle|strong|strong,435.0447349248,9899.6947,0.016632,0.24000000000000002,0.24361152000000003,0.24361152000000003,9137.2622,9526.62440048,849.4851,3684.5970359174407,842.0175,2264.76224319456,842.0175,1411.1153972778243,1182.2490905928578,1646.787379689113,3014.430453699246,1553.38987159728,0.0,0.0,0.0,0.0,0.0,True
gentle|gentle|strong|protect,1659.2494275392,9404.07875,0.17433600000000005,0.0,0.07809600000000001,0.07809600000000001,9368.732950000001,9379.568997376002,9337.8283,9356.03437401088,9106.13955,9295.2425077872,81.71375,6446.226782152832,3975.3488528565235,5007.605642373409,7185.744146003179,8036.5332593699195,0.09933600000000005,0.0,0.0,0.0,99336.00000000004,False
gentle|gentle|protect|gentle,5770.9234435200015,9377.6736,0.6290319999999999,0.0,0.25108800000000003,0.25108800000000003,9348.7328,9360.207017216,9331.9608,9343.125649919999,9315.0208,9331.763150464003,9303.019999999999,9317.1732489728,7695.505360630981,8165.563927891134,8916.909268589892,9320.711561216,0.554032,0.0,0.0,0.0,554032.0,False
gentle|gentle|protect|standard,3090.961128640001,9387.3309,0.3325200000000001,0.0,0.17433600000000005,0.17433600000000005,9355.609699999999,9366.941613824003,9332.9962,9346.77755358208,9320.7434,9336.1874158208,9071.275000000001,9249.762568931585,5662.011164467963,6560.199801955736,8186.152593201644,9294.211354862722,0.2575200000000001,0.0,0.0,0.0,257520.0000000001,False
gentle|gentle|protect|strong,1659.2494275392,9404.07875,0.17433600000000005,0.0,0.07809600000000001,0.07809600000000001,9368.732950000001,9379.568997376002,9337.8283,9356.03437401088,9106.13955,9295.2425077872,81.71375,6446.226782152832,3975.3488528565235,5007.605642373409,7185.744146003179,8036.5332593699195,0.09933600000000005,0.0,0.0,0.0,99336.00000000004,False
gentle|gentle|protect|protect,5858.324688000001,9368.462800000001,0.6290319999999999,0.0,0.6290319999999999,0.6290319999999999,9342.702800000001,9354.580622028801,9333.3256,9341.597110912,9315.887200000001,9329.84318401792,9307.5656,9317.432527616,7772.524025993517,8232.755557359424,8950.958052355927,9319.8786290304,0.554032,0.0,0.26903199999999994,0.26903199999999994,1092096.0,False
gentle|standard|gentle|gentle,1166.9386588928,9396.5417,0.12021600000000002,0.0,0.07809600000000001,0.07809600000000001,9361.2253,9372.636249088,9331.6314,9349.47201441792,9083.0478,9286.792336560002,75.8525,4491.365569517312,3225.2220907522806,4240.219200691085,6559.21635048913,5595.240301477759,0.04521600000000002,0.0,0.0,0.0,45216.00000000002,False
gentle|standard|gentle|standard,952.7132288768001,9866.199,0.07809600000000001,0.24000000000000002,0.26544480000000004,0.26544480000000004,9821.3318,9834.6342840704,9102.6668,9499.46417297408,795.5718,7481.002512403202,785.195,3464.0282367918085,2755.711885941037,3685.5748882155767,6006.415596475586,4133.736545989761,0.0030960000000000154,0.0,0.0,0.0,3096.0000000000155,False
gentle|standard|gentle|strong,568.0290184767999,9882.94685,0.03348,0.24000000000000002,0.25264032000000003,0.25264032000000003,9385.2781,9760.950071267202,819.63325,6559.0011610768,813.60625,3688.4376653943996,813.60625,1963.53881615776,1679.9171223910323,2346.6183038217764,4239.663828009353,2251.0219576972,0.0,0.0,0.0,0.0,0.0,True
gentle|standard|gentle|protect,3090.961128640001,9387.3309,0.3325200000000001,0.0,0.17433600000000005,0.17433600000000005,9355.609699999999,9366.941613824003,9332.9962,9346.77755358208,9320.7434,9336.1874158208,9071.275000000001,9249.762568931585,5662.011164467963,6560.199801955736,8186.152593201644,9294.211354862722,0.2575200000000001,0.0,0.0,0.0,257520.0000000001,False
gentle|standard|standard|gentle,952.7132288768001,9866.199,0.07809600000000001,0.24000000000000002,0.26544480000000004,0.26544480000000004,9821.3318,9834.6342840704,9102.6668,9499.46417297408,795.5718,7481.002512403202,785.195,3464.0282367918085,2755.711885941037,3685.5748882155767,6006.415596475586,4133.736545989761,0.0030960000000000154,0.0,0.0,0.0,3096.0000000000155,False
gentle|standard|standard|standard,561.2842388864001,9875.8563,0.03348,0.24000000000000002,0.25264032000000003,0.25264032000000003,9380.9438,9754.7424232256,810.1234999999999,6553.372363990399,804.5374999999999,3681.2318111311997,804.5374999999999,1955.21522445248,1673.1471099976582,2339.8195372155274,4232.972512079467,2242.8846555656,0.0,0.0,0.0,0.0,0.0,True
gentle|standard|standard|strong,428.1405529024001,9892.604150000001,0.016632,0.24000000000000002,0.24361152000000003,0.24361152000000003,9132.9279,9521.189893680003,839.97535,3677.2321589392004,832.94875,2256.45950597104,832.94875,1402.353052388416,1177.2465124853338,1648.4893470770905,3057.485590064631,1544.70412798552,0.0,0.0,0.0,0.0,0.0,True
gentle|standard|standard|protect,1653.1523903616003,9396.988200000002,0.17433600000000005,0.0,0.07809600000000001,0.07809600000000001,9362.4866,9373.676210432002,9334.0316,9351.06968013824,9099.5866,9290.195233696,72.645,6440.784248624641,3969.507169181209,5001.863796344921,7180.164284988037,8031.879071356161,0.09933600000000005,0.0,0.0,0.0,99336.00000000004,False
gentle|standard|strong|gentle,568.0290184767999,9882.94685,0.03348,0.24000000000000002,0.25264032000000003,0.25264032000000003,9385.2781,9760.950071267202,819.63325,6559.0011610768,813.60625,3688.4376653943996,813.60625,1963.53881615776,1679.9171223910323,2346.6183038217764,4239.663828009353,2251.0219576972,0.0,0.0,0.0,0.0,0.0,True
gentle|standard|strong|standard,428.1405529024001,9892.604150000001,0.016632,0.24000000000000002,0.24361152000000003,0.24361152000000003,9132.9279,9521.189893680003,839.97535,3677.2321589392004,832.94875,2256.45950597104,832.94875,1402.353052388416,1177.2465124853338,1648.4893470770905,3057.485590064631,1544.70412798552,0.0,0.0,0.0,0.0,0.0,True
gentle|standard|strong|strong,457.0909316736,9909.351999999999,0.004752,0.4072,0.4072,0.4072,869.8272000000001,5150.221840896001,869.8272000000001,1725.9061281791999,861.36,1294.17594031104,830.672,1033.702177427456,889.4184195818657,1121.9582593476462,1798.6222812391659,1077.76797015552,0.0,0.10720000000000002,0.04720000000000002,0.04720000000000002,201600.00000000006,False
gentle|standard|strong|protect,957.6594939584,9873.73605,0.07809600000000001,0.24000000000000002,0.26544480000000004,0.26544480000000004,9829.18245,9842.2210622496,9108.8637,9506.026532567039,803.4224500000001,7487.654965403201,791.05625,3470.24204438528,2763.72583399476,3697.331455393795,6022.319626770039,4140.0384929816,0.0030960000000000154,0.0,0.0,0.0,3096.0000000000155,False
gentle|standard|protect|gentle,3090.961128640001,9387.3309,0.3325200000000001,0.0,0.17433600000000005,0.17433600000000005,9355.609699999999,9366.941613824003,9332.9962,9346.77755358208,9320.7434,9336.1874158208,9071.275000000001,9249.762568931585,5662.011164467963,6560.199801955736,8186.152593201644,9294.211354862722,0.2575200000000001,0.0,0.0,0.0,257520.0000000001,False
gentle|standard|protect|standard,1653.1523903616003,9396.988200000002,0.17433600000000005,0.0,0.07809600000000001,0.07809600000000001,9362.4866,9373.676210432002,9334.0316,9351.06968013824,9099.5866,9290.195233696,72.64500000000001,6440.784248624641,3969.507169181209,5001.863796344921,7180.164284988037,8031.879071356161,0.09933600000000005,0.0,0.0,0.0,99336.00000000004,False
gentle|standard|protect|strong,957.6594939584,9873.73605,0.07809600000000001,0.24000000000000002,0.26544480000000004,0.26544480000000004,9829.18245,9842.2210622496,9108.8637,9506.026532567039,803.4224499999999,7487.654965403201,791.05625,3470.24204438528,2763.72583399476,3697.331455393795,6022.319626770039,4140.0384929816,0.0030960000000000154,0.0,0.0,0.0,3096.0000000000155,False
gentle|standard|protect|protect,5790.920408,9378.1201,0.6290319999999999,0.0,0.3325200000000001,0.3325200000000001,9349.9941,9361.24697856,9334.361,9344.938704032002,9316.516599999999,9333.391695664,9306.235,9319.410885721602,7720.252271053053,8189.662254520022,8932.537821181631,9322.704857151999,0.554032,0.0,0.0,0.0,554032.0,False
gentle|strong|gentle|gentle,959.2979864512001,9873.289550000001,0.07809600000000001,0.24000000000000002,0.26544480000000004,0.26544480000000004,9827.884750000001,9841.277852464,9106.4635,9504.42886684672,802.1247500000001,7486.049786494401,794.26375,3471.520681996288,2762.182082715106,3691.988977336661,6012.66529567696,4140.83491499536,0.0030960000000000154,0.0,0.0,0.0,3096.0000000000155,False
gentle|strong|gentle|standard,568.0290184767999,9882.94685,0.03348,0.24000000000000002,0.25264032000000003,0.25264032000000003,9385.2781,9760.950071267202,819.63325,6559.0011610768,813.60625,3688.4376653943996,813.60625,1963.53881615776,1679.9171223910323,2346.6183038217764,4239.663828009353,2251.0219576972,0.0,0.0,0.0,0.0,0.0,True
gentle|strong|gentle|strong,435.0447349248,9899.6947,0.016632,0.24000000000000002,0.24361152000000003,0.24361152000000003,9137.2622,9526.62440048,849.4851,3684.5970359174407,842.0175,2264.76224319456,842.0175,1411.1153972778243,1182.2490905928578,1646.787379689113,3014.430453699246,1553.38987159728,0.0,0.0,0.0,0.0,0.0,True
gentle|strong|gentle|protect,1659.2494275392,9404.07875,0.17433600000000005,0.0,0.07809600000000001,0.07809600000000001,9368.732950000001,9379.568997376002,9337.8283,9356.03437401088,9106.13955,9295.2425077872,81.71375,6446.226782152832,3975.3488528565235,5007.605642373409,7185.744146003179,8036.5332593699195,0.09933600000000005,0.0,0.0,0.0,99336.00000000004,False
gentle|strong|standard|gentle,568.0290184767999,9882.94685,0.03348,0.24000000000000002,0.25264032000000003,0.25264032000000003,9385.2781,9760.950071267202,819.63325,6559.0011610768,813.60625,3688.4376653943996,813.60625,1963.53881615776,1679.9171223910323,2346.6183038217764,4239.663828009353,2251.0219576972,0.0,0.0,0.0,0.0,0.0,True
gentle|strong|standard|standard,428.1405529024001,9892.604150000001,0.016632,0.24000000000000002,0.24361152000000003,0.24361152000000003,9132.9279,9521.189893680003,839.97535,3677.2321589392004,832.94875,2256.45950597104,832.94875,1402.353052388416,1177.2465124853338,1648.4893470770905,3057.485590064631,1544.70412798552,0.0,0.0,0.0,0.0,0.0,True
gentle|strong|standard|strong,457.0909316736,9909.351999999999,0.004752,0.4072,0.4072,0.4072,869.8272000000001,5150.221840896001,869.8272000000001,1725.9061281791999,861.36,1294.17594031104,830.672,1033.702177427456,889.4184195818657,1121.9582593476462,1798.6222812391659,1077.76797015552,0.0,0.10720000000000002,0.04720000000000002,0.04720000000000002,201600.00000000006,False
gentle|strong|standard|protect,957.6594939584,9873.73605,0.07809600000000001,0.24000000000000002,0.26544480000000004,0.26544480000000004,9829.18245,9842.2210622496,9108.8637,9506.026532567039,803.4224500000001,7487.654965403201,791.05625,3470.24204438528,2763.72583399476,3697.331455393795,6022.319626770039,4140.0384929816,0.0030960000000000154,0.0,0.0,0.0,3096.0000000000155,False
gentle|strong|strong|gentle,435.0447349248,9899.6947,0.016632,0.24000000000000002,0.24361152000000003,0.24361152000000003,9137.2622,9526.62440048,849.4851,3684.5970359174407,842.0175,2264.76224319456,842.0175,1411.1153972778243,1182.2490905928578,1646.787379689113,3014.430453699246,1553.38987159728,0.0,0.0,0.0,0.0,0.0,True
gentle|strong|strong|standard,457.0909316736,9909.351999999999,0.004752,0.4072,0.4072,0.4072,869.8272000000001,5150.221840896001,869.8272000000001,1725.9061281791999,861.36,1294.17594031104,830.672,1033.702177427456,889.4184195818657,1121.9582593476462,1798.6222812391659,1077.76797015552,0.0,0.10720000000000002,0.04720000000000002,0.04720000000000002,201600.00000000006,False
gentle|strong|strong|strong,887.7903179456001,9926.09985,0.004752,1.0,1.0,1.0,899.67905,5166.858735296001,899.67905,1753.1149870592003,889.77125,1322.0783591081602,838.4161,1061.381768248576,1155.5471034451632,1328.1861628873164,1899.8854109999409,1105.92480455408,0.0,0.7,0.64,0.64,1980000.0,False
gentle|strong|strong|protect,572.8819373824,9890.4839,0.03348,0.24000000000000002,0.25264032000000003,0.25264032000000003,9391.1614,9768.150304518404,825.7591,6565.5552615904,819.4675,3694.897206829121,819.4675,1969.6393827316483,1685.3993235399782,2352.3360780919866,4245.881331183983,2257.1823534145606,0.0,0.0,0.0,0.0,0.0,True
gentle|strong|protect|gentle,1659.2494275392,9404.07875,0.17433600000000005,0.0,0.07809600000000001,0.07809600000000001,9368.732950000001,9379.568997376002,9337.8283,9356.03437401088,9106.13955,9295.2425077872,81.71375,6446.226782152832,3975.3488528565235,5007.605642373409,7185.744146003179,8036.5332593699195,0.09933600000000005,0.0,0.0,0.0,99336.00000000004,False
gentle|strong|protect|standard,957.6594939584,9873.73605,0.07809600000000001,0.24000000000000002,0.26544480000000004,0.26544480000000004,9829.18245,9842.2210622496,9108.8637,9506.026532567039,803.4224500000001,7487.654965403201,791.05625,3470.24204438528,2763.72583399476,3697.331455393795,6022.319626770039,4140.0384929816,0.0030960000000000154,0.0,0.0,0.0,3096.0000000000155,False
gentle|strong|protect|strong,572.8819373824,9890.4839,0.03348,0.24000000000000002,0.25264032000000003,0.25264032000000003,9391.1614,9768.150304518404,825.7591,6565.5552615904,819.4675,3694.897206829121,819.4675,1969.6393827316483,1685.3993235399782,2352.3360780919866,4245.881331183983,2257.1823534145606,0.0,0.0,0.0,0.0,0.0,True
gentle|strong|protect|protect,3114.40141136,9394.86795,0.3325200000000001,0.0,0.25108800000000003,0.25108800000000003,9363.11735,9373.874362112003,9339.193099999999,9353.339913175038,9326.626699999999,9342.8633511104,9307.4425,9325.609461433602,5689.454493917565,6586.001440873242,8205.584665430615,9330.151201792001,0.2575200000000001,0.0,0.0,0.0,257520.0000000001,False
gentle|protect|gentle|gentle,5770.9234435200015,9377.6736,0.6290319999999999,0.0,0.25108800000000003,0.25108800000000003,9348.7328,9360.207017216,9331.9608,9343.125649919999,9315.0208,9331.763150464003,9303.019999999999,9317.1732489728,7695.505360630981,8165.563927891134,8916.909268589892,9320.711561216,0.554032,0.0,0.0,0.0,554032.0,False
gentle|protect|gentle|standard,3090.961128640001,9387.3309,0.3325200000000001,0.0,0.17433600000000005,0.17433600000000005,9355.609699999999,9366.941613824003,9332.9962,9346.77755358208,9320.7434,9336.1874158208,9071.275000000001,9249.762568931585,5662.011164467963,6560.199801955736,8186.152593201644,9294.211354862722,0.2575200000000001,0.0,0.0,0.0,257520.0000000001,False
gentle|protect|gentle|strong,1659.2494275392,9404.07875,0.17433600000000005,0.0,0.07809600000000001,0.07809600000000001,9368.732950000001,9379.568997376002,9337.8283,9356.03437401088,9106.13955,9295.2425077872,81.71375,6446.226782152832,3975.3488528565235,5007.605642373409,7185.744146003179,8036.5332593699195,0.09933600000000005,0.0,0.0,0.0,99336.00000000004,False
gentle|protect|gentle|protect,5858.324688000001,9368.462800000001,0.6290319999999999,0.0,0.6290319999999999,0.6290319999999999,9342.702800000001,9354.580622028801,9333.3256,9341.597110912,9315.887200000001,9329.84318401792,9307.5656,9317.432527616,7772.524025993517,8232.755557359424,8950.958052355927,9319.8786290304,0.554032,0.0,0.26903199999999994,0.26903199999999994,1092096.0,False
gentle|protect|standard|gentle,3090.961128640001,9387.3309,0.3325200000000001,0.0,0.17433600000000005,0.17433600000000005,9355.609699999999,9366.941613824003,9332.9962,9346.77755358208,9320.7434,9336.1874158208,9071.275000000001,9249.762568931585,5662.011164467963,6560.199801955736,8186.152593201644,9294.211354862722,0.2575200000000001,0.0,0.0,0.0,257520.0000000001,False
gentle|protect|standard|standard,1653.1523903616003,9396.988200000002,0.17433600000000005,0.0,0.07809600000000001,0.07809600000000001,9362.4866,9373.676210432002,9334.0316,9351.06968013824,9099.5866,9290.195233696,72.64500000000001,6440.784248624641,3969.507169181209,5001.863796344921,7180.164284988037,8031.879071356161,0.09933600000000005,0.0,0.0,0.0,99336.00000000004,False
gentle|protect|standard|strong,957.6594939584,9873.73605,0.07809600000000001,0.24000000000000002,0.26544480000000004,0.26544480000000004,9829.18245,9842.2210622496,9108.8637,9506.026532567039,803.4224500000001,7487.654965403201,791.05625,3470.24204438528,2763.72583399476,3697.331455393795,6022.319626770039,4140.0384929816,0.0030960000000000154,0.0,0.0,0.0,3096.0000000000155,False
gentle|protect|standard|protect,5790.920408,9378.1201,0.6290319999999999,0.0,0.3325200000000001,0.3325200000000001,9349.9941,9361.24697856,9334.361,9344.938704032002,9316.516599999999,9333.391695664,9306.235,9319.410885721602,7720.252271053053,8189.662254520022,8932.537821181631,9322.704857151999,0.554032,0.0,0.0,0.0,554032.0,False
gentle|protect|strong|gentle,1659.2494275392,9404.07875,0.17433600000000005,0.0,0.07809600000000001,0.07809600000000001,9368.732950000001,9379.568997376002,9337.8283,9356.03437401088,9106.13955,9295.2425077872,81.71375,6446.226782152832,3975.3488528565235,5007.605642373409,7185.744146003179,8036.5332593699195,0.09933600000000005,0.0,0.0,0.0,99336.00000000004,False
gentle|protect|strong|standard,957.6594939584,9873.73605,0.07809600000000001,0.24000000000000002,0.26544480000000004,0.26544480000000004,9829.18245,9842.2210622496,9108.8637,9506.026532567039,803.4224500000001,7487.654965403201,791.05625,3470.24204438528,2763.72583399476,3697.331455393795,6022.319626770039,4140.0384929816,0.0030960000000000154,0.0,0.0,0.0,3096.0000000000155,False
gentle|protect|strong|strong,572.8819373824,9890.4839,0.03348,0.24000000000000002,0.25264032000000003,0.25264032000000003,9391.1614,9768.150304518404,825.7591,6565.5552615904,819.4675,3694.897206829121,819.4675,1969.6393827316483,1685.3993235399782,2352.3360780919866,4245.881331183983,2257.1823534145606,0.0,0.0,0.0,0.0,0.0,True
gentle|protect|strong|protect,3114.40141136,9394.86795,0.3325200000000001,0.0,0.25108800000000003,0.25108800000000003,9363.11735,9373.874362112003,9339.193099999999,9353.339913175038,9326.626699999999,9342.8633511104,9307.4425,9325.609461433602,5689.454493917565,6586.001440873242,8205.584665430615,9330.151201792001,0.2575200000000001,0.0,0.0,0.0,257520.0000000001,False
gentle|protect|protect|gentle,5864.177640000001,9376.5919,0.6290319999999999,0.0,0.6290319999999999,0.6290319999999999,9350.8319,9361.6142272256,9338.8822,9347.69573872,9321.0322,9335.910646791039,9313.1222,9323.3857651328,7778.775803105495,8239.0638249793,8957.39614374963,9325.9515170208,0.554032,0.0,0.26903199999999994,0.26903199999999994,1092096.0,False
gentle|protect|protect|standard,5796.773360000002,9386.2492,0.6290319999999999,0.0,0.3325200000000001,0.3325200000000001,9357.7116,9368.348362752002,9339.9176,9351.037331840002,9324.4392,9339.859720550403,9311.380000000001,9325.365914521602,7724.12478651099,8191.16730601462,8934.214193645963,9328.862393152001,0.554032,0.0,0.0,0.0,554032.0,False
gentle|protect|protect|strong,3120.254363360001,9402.99705,0.3325200000000001,0.0,0.25108800000000003,0.25108800000000003,9370.834850000001,9380.975746304,9345.07485,9359.75994632352,9332.183299999999,9349.3853473856,9312.5875,9331.5644902336,5694.9229548552985,6590.596242280636,8210.113534184778,9336.308737792,0.2575200000000001,0.0,0.0,0.0,257520.0000000001,False
gentle|protect|protect|protect,9297.561952000002,9377.8328,1.0,0.0,1.0,1.0,9355.1416,9365.924458240002,9347.3912,9354.008292608001,9326.3128,9342.534025216,9321.6312,9331.313049139202,9314.732844280888,9321.744168756508,9337.400186058472,9333.733511424001,0.925,0.0,0.64,0.64,2205000.0,False
standard|gentle|gentle|gentle,1166.9386588928,9396.5417,0.12021600000000002,0.0,0.07809600000000001,0.07809600000000001,9361.2253,9372.636249088,9331.6314,9349.47201441792,9083.0478,9286.792336560002,75.8525,4491.365569517312,3225.2220907522806,4240.219200691085,6559.21635048913,5595.240301477759,0.04521600000000002,0.0,0.0,0.0,45216.00000000002,False
standard|gentle|gentle|standard,952.7132288768001,9866.199,0.07809600000000001,0.24000000000000002,0.26544480000000004,0.26544480000000004,9821.3318,9834.6342840704,9102.6668,9499.46417297408,795.5718,7481.002512403202,785.195,3464.0282367918085,2755.711885941037,3685.5748882155767,6006.415596475586,4133.736545989761,0.0030960000000000154,0.0,0.0,0.0,3096.0000000000155,False
standard|gentle|gentle|strong,568.0290184767999,9882.94685,0.03348,0.24000000000000002,0.25264032000000003,0.25264032000000003,9385.2781,9760.950071267202,819.63325,6559.0011610768,813.60625,3688.4376653943996,813.60625,1963.53881615776,1679.9171223910323,2346.6183038217764,4239.663828009353,2251.0219576972,0.0,0.0,0.0,0.0,0.0,True
standard|gentle|gentle|protect,3090.961128640001,9387.3309,0.3325200000000001,0.0,0.17433600000000005,0.17433600000000005,9355.609699999999,9366.941613824003,9332.9962,9346.77755358208,9320.7434,9336.1874158208,9071.275000000001,9249.762568931585,5662.011164467963,6560.199801955736,8186.152593201644,9294.211354862722,0.2575200000000001,0.0,0.0,0.0,257520.0000000001,False
standard|gentle|standard|gentle,952.7132288768001,9866.199,0.07809600000000001,0.24000000000000002,0.26544480000000004,0.26544480000000004,9821.3318,9834.6342840704,9102.6668,9499.46417297408,795.5718,7481.002512403202,785.195,3464.0282367918085,2755.711885941037,3685.5748882155767,6006.415596475586,4133.736545989761,0.0030960000000000154,0.0,0.0,0.0,3096.0000000000155,False
standard|gentle|standard|standard,561.2842388864001,9875.8563,0.03348,0.24000000000000002,0.25264032000000003,0.25264032000000003,9380.9438,9754.7424232256,810.1234999999999,6553.372363990399,804.5374999999999,3681.2318111311997,804.5374999999999,1955.21522445248,1673.1471099976582,2339.8195372155274,4232.972512079467,2242.8846555656,0.0,0.0,0.0,0.0,0.0,True
standard|gentle|standard|strong,428.1405529024001,9892.604150000001,0.016632,0.24000000000000002,0.24361152000000003,0.24361152000000003,9132.9279,9521.189893680003,839.97535,3677.2321589392004,832.94875,2256.45950597104,832.94875,1402.353052388416,1177.2465124853338,1648.4893470770905,3057.485590064631,1544.70412798552,0.0,0.0,0.0,0.0,0.0,True
standard|gentle|standard|protect,1653.1523903616003,9396.988200000002,0.17433600000000005,0.0,0.07809600000000001,0.07809600000000001,9362.4866,9373.676210432002,9334.0316,9351.06968013824,9099.5866,9290.195233696,72.645,6440.784248624641,3969.507169181209,5001.863796344921,7180.164284988037,8031.879071356161,0.09933600000000005,0.0,0.0,0.0,99336.00000000004,False
standard|gentle|strong|gentle,568.0290184767999,9882.94685,0.03348,0.24000000000000002,0.25264032000000003,0.25264032000000003,9385.2781,9760.950071267202,819.63325,6559.0011610768,813.60625,3688.4376653943996,813.60625,1963.53881615776,1679.9171223910323,2346.6183038217764,4239.663828009353,2251.0219576972,0.0,0.0,0.0,0.0,0.0,True
standard|gentle|strong|standard,428.1405529024001,9892.604150000001,0.016632,0.24000000000000002,0.24361152000000003,0.24361152000000003,9132.9279,9521.189893680003,839.97535,3677.2321589392004,832.94875,2256.45950597104,832.94875,1402.353052388416,1177.2465124853338,1648.4893470770905,3057.485590064631,1544.70412798552,0.0,0.0,0.0,0.0,0.0,True
standard|gentle|strong|strong,457.0909316736,9909.351999999999,0.004752,0.4072,0.4072,0.4072,869.8272000000001,5150.221840896001,869.8272000000001,1725.9061281791999,861.36,1294.17594031104,830.672,1033.702177427456,889.4184195818657,1121.9582593476462,1798.6222812391659,1077.76797015552,0.0,0.10720000000000002,0.04720000000000002,0.04720000000000002,201600.00000000006,False
standard|gentle|strong|protect,957.6594939584,9873.73605,0.07809600000000001,0.24000000000000002,0.26544480000000004,0.26544480000000004,9829.18245,9842.2210622496,9108.8637,9506.026532567039,803.4224500000001,7487.654965403201,791.05625,3470.24204438528,2761.3373633375877,3691.45099011918,6012.8406743971955,4140.0384929816,0.0030960000000000154,0.0,0.0,0.0,3096.0000000000155,False
standard|gentle|protect|gentle,3090.961128640001,9387.3309,0.3325200000000001,0.0,0.17433600000000005,0.17433600000000005,9355.609699999999,9366.941613824003,9332.9962,9346.77755358208,9320.7434,9336.1874158208,9071.275000000001,9249.762568931585,5662.011164467963,6560.199801955736,8186.152593201644,9294.211354862722,0.2575200000000001,0.0,0.0,0.0,257520.0000000001,False
standard|gentle|protect|standard,1653.1523903616003,9396.988200000002,0.17433600000000005,0.0,0.07809600000000001,0.07809600000000001,9362.4866,9373.676210432002,9334.0316,9351.06968013824,9099.5866,9290.195233696,72.64500000000001,6440.784248624641,3969.507169181209,5001.863796344921,7180.164284988037,8031.879071356161,0.09933600000000005,0.0,0.0,0.0,99336.00000000004,False
standard|gentle|protect|strong,957.6594939584,9873.73605,0.07809600000000001,0.24000000000000002,0.26544480000000004,0.26544480000000004,9829.18245,9842.2210622496,9108.8637,9506.026532567039,803.4224500000001,7487.654965403201,791.05625,3470.24204438528,2763.72583399476,3697.331455393795,6022.319626770039,4140.0384929816,0.0030960000000000154,0.0,0.0,0.0,3096.0000000000155,False
standard|gentle|protect|protect,5790.920408,9378.1201,0.6290319999999999,0.0,0.3325200000000001,0.3325200000000001,9349.9941,9361.24697856,9334.361,9344.938704032002,9316.516599999999,9333.391695664,9306.235,9319.410885721602,7720.252271053053,8189.662254520022,8932.537821181631,9322.704857151999,0.554032,0.0,0.0,0.0,554032.0,False
standard|standard|gentle|gentle,952.7132288768001,9866.199,0.07809600000000001,0.24000000000000002,0.26544480000000004,0.26544480000000004,9821.3318,9834.6342840704,9102.6668,9499.46417297408,795.5718,7481.002512403202,785.195,3464.0282367918085,2755.711885941037,3685.5748882155767,6006.415596475586,4133.736545989761,0.0030960000000000154,0.0,0.0,0.0,3096.0000000000155,False
standard|standard|gentle|standard,561.2842388864001,9875.8563,0.03348,0.24000000000000002,0.25264032000000003,0.25264032000000003,9380.9438,9754.7424232256,810.1234999999999,6553.372363990399,804.5374999999999,3681.2318111311997,804.5374999999999,1955.21522445248,1673.1471099976582,2339.8195372155274,4232.972512079467,2242.8846555656,0.0,0.0,0.0,0.0,0.0,True
standard|standard|gentle|strong,428.1405529024001,9892.604150000001,0.016632,0.24000000000000002,0.24361152000000003,0.24361152000000003,9132.9279,9521.189893680003,839.97535,3677.2321589392004,832.94875,2256.45950597104,832.94875,1402.353052388416,1177.2465124853338,1648.4893470770905,3057.485590064631,1544.70412798552,0.0,0.0,0.0,0.0,0.0,True
standard|standard|gentle|protect,1653.1523903616003,9396.988200000002,0.17433600000000005,0.0,0.07809600000000001,0.07809600000000001,9362.4866,9373.676210432002,9334.0316,9351.06968013824,9099.5866,9290.195233696,72.645,6440.784248624641,3969.507169181209,5001.863796344921,7180.164284988037,8031.879071356161,0.09933600000000005,0.0,0.0,0.0,99336.00000000004,False
standard|standard|standard|gentle,561.2842388864001,9875.8563,0.03348,0.24000000000000002,0.25264032000000003,0.25264032000000003,9380.9438,9754.7424232256,810.1234999999999,6553.372363990399,804.5375,3681.2318111311997,804.5375,1955.21522445248,1673.1471099976582,2339.8195372155274,4232.972512079467,2242.8846555656,0.0,0.0,0.0,0.0,0.0,True
standard|standard|standard|standard,421.2768938239999,9885.5136,0.016632,0.24000000000000002,0.24361152000000003,0.24361152000000003,9128.5936,9515.755386880002,830.4656,3670.061792092161,823.88,2248.2540238131205,823.88,1393.629609525248,1170.2401920485213,1641.38763941563,3050.3566114519685,1536.0670119065599,0.0,0.0,0.0,0.0,0.0,True
standard|standard|standard|strong,335.56808483200007,9902.261449999998,0.004752,0.24000000000000002,0.24361152000000003,0.24361152000000003,860.31745,4977.416962239999,860.31745,1683.737352448,852.29125,1268.6375924598399,136.33770000000007,1000.5343672435199,740.2620147443754,991.0030524275533,1723.294145907176,1060.46442122992,0.0,0.0,0.0,0.0,0.0,True
standard|standard|standard|protect,1334.1966935039998,9866.645499999999,0.12021600000000002,0.24000000000000002,0.28189728000000003,0.28189728000000003,9822.6295,9835.577493856,9341.801,9621.945938643199,9086.041,9407.964752079999,781.9875,4905.3411216288005,3456.833837522198,4464.939465808782,6786.638463384876,5936.179527036,0.04521600000000002,0.0,0.0,0.0,45216.00000000002,False
standard|standard|strong|gentle,428.1405529024001,9892.604150000001,0.016632,0.24000000000000002,0.24361152000000003,0.24361152000000003,9132.9279,9521.189893680003,839.97535,3677.2321589392004,832.94875,2256.45950597104,832.94875,1402.353052388416,1177.2465124853338,1648.4893470770905,3057.485590064631,1544.70412798552,0.0,0.0,0.0,0.0,0.0,True
standard|standard|strong|standard,335.56808483200007,9902.261449999998,0.004752,0.24000000000000002,0.24361152000000003,0.24361152000000003,860.31745,4977.416962239999,860.31745,1683.737352448,852.29125,1268.6375924598399,136.33770000000007,1000.5343672435199,740.2620147443754,991.0030524275533,1723.294145907176,1060.46442122992,0.0,0.0,0.0,0.0,0.0,True
standard|standard|strong|strong,880.7595340800001,9919.009300000002,0.004752,1.0,1.0,1.0,890.1693,5160.183776640001,890.1693,1744.172195328,880.7025000000001,1313.0443134393602,834.0818000000002,1052.4478837376,1148.0712755024938,1320.4874252328016,1891.822998000567,1096.87340671968,0.0,0.7,0.64,0.64,1980000.0,False
standard|standard|strong|protect,760.9691577920001,9883.39335,0.055128,0.24000000000000002,0.25264032000000003,0.25264032000000003,9836.46535,9850.287579836799,9109.8991,9371.822989168,816.24935,5520.244033052001,810.3987500000001,2694.5439650998405,2228.970219227848,3054.2643148876173,5244.652796894642,3165.580268874801,0.0,0.0,0.0,0.0,0.0,True
standard|standard|protect|gentle,1653.1523903616003,9396.988200000002,0.17433600000000005,0.0,0.07809600000000001,0.07809600000000001,9362.4866,9373.676210432002,9334.0316,9351.06968013824,9099.5866,9290.195233696,72.64500000000001,6440.784248624641,3969.507169181209,5001.863796344921,7180.164284988037,8031.879071356161,0.09933600000000005,0.0,0.0,0.0,99336.00000000004,False
standard|standard|protect|standard,1334.1966935039998,9866.645499999999,0.12021600000000002,0.24000000000000002,0.28189728000000003,0.28189728000000003,9822.6295,9835.577493856,9341.801,9621.945938643199,9086.041,9407.964752079999,781.9875,4905.3411216288005,3456.833837522198,4464.939465808782,6786.638463384876,5936.179527036,0.04521600000000002,0.0,0.0,0.0,45216.00000000002,False
standard|standard|protect|strong,760.9691577920001,9883.39335,0.055128,0.24000000000000002,0.25264032000000003,0.25264032000000003,9836.46535,9850.287579836799,9109.8991,9371.822989168,816.24935,5520.244033052001,810.3987500000001,2694.5439650998405,2228.970219227848,3054.2643148876173,5244.652796894642,3165.580268874801,0.0,0.0,0.0,0.0,0.0,True
standard|standard|protect|protect,3109.2584668800005,9387.7774,0.3325200000000001,0.0,0.25108800000000003,0.25108800000000003,9356.871000000001,9367.981575168002,9335.3964,9348.375219302401,9322.2924,9337.789595212802,9304.490000000002,9321.391047296003,5684.904861645636,6582.0528789876225,8201.78684394055,9325.616309120001,0.2575200000000001,0.0,0.0,0.0,257520.0000000001,False
standard|strong|gentle|gentle,568.0290184767999,9882.94685,0.03348,0.24000000000000002,0.25264032000000003,0.25264032000000003,9385.2781,9760.950071267202,819.63325,6559.0011610768,813.60625,3688.4376653943996,813.60625,1963.53881615776,1679.9171223910323,2346.6183038217764,4239.663828009353,2251.0219576972,0.0,0.0,0.0,0.0,0.0,True
standard|strong|gentle|standard,428.1405529024001,9892.604150000001,0.016632,0.24000000000000002,0.24361152000000003,0.24361152000000003,9132.9279,9521.189893680003,839.97535,3677.2321589392004,832.94875,2256.45950597104,832.94875,1402.353052388416,1177.2465124853338,1648.4893470770905,3057.485590064631,1544.70412798552,0.0,0.0,0.0,0.0,0.0,True
standard|strong|gentle|strong,457.0909316736,9909.351999999999,0.004752,0.4072,0.4072,0.4072,869.8272000000001,5150.221840896001,869.8272000000001,1725.9061281791999,861.36,1294.17594031104,830.672,1033.702177427456,889.4184195818657,1121.9582593476462,1798.6222812391659,1077.76797015552,0.0,0.10720000000000002,0.04720000000000002,0.04720000000000002,201600.00000000006,False
standard|strong|gentle|protect,957.6594939584,9873.73605,0.07809600000000001,0.24000000000000002,0.26544480000000004,0.26544480000000004,9829.18245,9842.2210622496,9108.8637,9506.026532567039,803.4224500000001,7487.654965403201,791.05625,3470.24204438528,2763.72583399476,3697.331455393795,6022.319626770039,4140.0384929816,0.0030960000000000154,0.0,0.0,0.0,3096.0000000000155,False
standard|strong|standard|gentle,428.1405529024001,9892.604150000001,0.016632,0.24000000000000002,0.24361152000000003,0.24361152000000003,9132.9279,9521.189893680003,839.97535,3677.2321589392004,832.94875,2256.45950597104,832.94875,1402.353052388416,1177.2465124853338,1648.4893470770905,3057.485590064631,1544.70412798552,0.0,0.0,0.0,0.0,0.0,True
standard|strong|standard|standard,335.56808483200007,9902.261449999998,0.004752,0.24000000000000002,0.24361152000000003,0.24361152000000003,860.31745,4977.416962239999,860.31745,1683.737352448,852.29125,1268.6375924598399,136.33770000000004,1000.5343672435199,740.2620147443754,991.0030524275533,1723.294145907176,1060.46442122992,0.0,0.0,0.0,0.0,0.0,True
standard|strong|standard|strong,880.7595340800001,9919.009300000002,0.004752,1.0,1.0,1.0,890.1693,5160.183776640001,890.1693,1744.172195328,880.7025000000001,1313.0443134393602,834.0818000000002,1052.4478837376,1148.0712755024938,1320.4874252328016,1891.822998000567,1096.87340671968,0.0,0.7,0.64,0.64,1980000.0,False
standard|strong|standard|protect,760.9691577920001,9883.39335,0.055128,0.24000000000000002,0.25264032000000003,0.25264032000000003,9836.46535,9850.287579836799,9109.8991,9371.822989168,816.24935,5520.244033052001,810.3987500000001,2694.5439650998405,2228.970219227848,3054.2643148876173,5244.652796894642,3165.580268874801,0.0,0.0,0.0,0.0,0.0,True
standard|strong|strong|gentle,457.0909316736,9909.351999999999,0.004752,0.4072,0.4072,0.4072,869.8272000000001,5150.221840896001,869.8272000000001,1725.9061281791999,861.36,1294.17594031104,830.672,1033.702177427456,889.4184195818657,1121.9582593476462,1798.6222812391659,1077.76797015552,0.0,0.10720000000000002,0.04720000000000002,0.04720000000000002,201600.00000000006,False
standard|strong|strong|standard,880.7595340800001,9919.009300000002,0.004752,1.0,1.0,1.0,890.1693,5160.183776640001,890.1693,1744.172195328,880.7025000000001,1313.0443134393602,834.0818000000002,1052.4478837376,1148.0712755024938,1320.4874252328016,1891.822998000567,1096.87340671968,0.0,0.7,0.64,0.64,1980000.0,False
standard|strong|strong|strong,859.7780054720001,935.75715,0.0,1.0,1.0,1.0,920.02115,921.8158093280001,920.02115,920.3800818656,909.1137500000001,915.0523231328001,851.8499,909.4259487680002,875.1711453222053,883.3690471226939,900.4606036851961,912.0830365664002,0.0,0.7,0.64,0.64,1980000.0,False
standard|strong|strong|protect,432.92412544,9900.141200000002,0.016632,0.24000000000000002,0.24361152000000003,0.24361152000000003,9138.811200000002,9527.733317760005,846.1012000000001,3683.8559030195215,838.8100000000001,2262.753557251841,838.8100000000001,1408.3874229007365,1182.6211325367944,1654.108622074361,3063.6196905703937,1550.7817786259204,0.0,0.0,0.0,0.0,0.0,True
standard|strong|protect|gentle,957.6594939584,9873.73605,0.07809600000000001,0.24000000000000002,0.26544480000000004,0.26544480000000004,9829.18245,9842.2210622496,9108.8637,9506.026532567039,803.4224500000001,7487.654965403201,791.05625,3470.24204438528,2763.72583399476,3697.331455393795,6022.319626770039,4140.0384929816,0.0030960000000000154,0.0,0.0,0.0,3096.0000000000155,False
standard|strong|protect|standard,760.9691577920001,9883.39335,0.055128,0.24000000000000002,0.25264032000000003,0.25264032000000003,9836.46535,9850.287579836799,9109.8991,9371.822989168,816.24935,5520.244033052001,810.3987500000001,2694.5439650998405,2228.970219227848,3054.2643148876173,5244.652796894642,3165.580268874801,0.0,0.0,0.0,0.0,0.0,True
standard|strong|protect|strong,432.92412544,9900.141200000002,0.016632,0.24000000000000002,0.24361152000000003,0.24361152000000003,9138.811200000002,9527.733317760005,846.1012000000001,3683.8559030195215,838.8100000000001,2262.753557251841,838.8100000000001,1408.3874229007365,1182.6211325367944,1654.108622074361,3063.6196905703937,1550.7817786259204,0.0,0.0,0.0,0.0,0.0,True
standard|strong|protect|protect,2358.8387590079997,9404.525249999999,0.25108800000000003,0.0,0.12021600000000002,0.12021600000000002,9369.99425,9380.60895872,9344.23425,9358.0976809296,9321.2655,9345.319396440002,9075.6975,9208.188343008002,4830.674254992409,5818.6625932960815,7742.991129909238,9241.31105376,0.17608800000000002,0.0,0.0,0.0,176088.00000000003,False
standard|protect|gentle|gentle,3090.961128640001,9387.3309,0.3325200000000001,0.0,0.17433600000000005,0.17433600000000005,9355.609699999999,9366.941613824003,9332.9962,9346.77755358208,9320.7434,9336.1874158208,9071.275000000001,9249.762568931585,5662.011164467963,6560.199801955736,8186.152593201644,9294.211354862722,0.2575200000000001,0.0,0.0,0.0,257520.0000000001,False
standard|protect|gentle|standard,1653.1523903616003,9396.988200000002,0.17433600000000005,0.0,0.07809600000000001,0.07809600000000001,9362.4866,9373.676210432002,9334.0316,9351.06968013824,9099.5866,9290.195233696,72.64500000000001,6440.784248624641,3969.507169181209,5001.863796344921,7180.164284988037,8031.879071356161,0.09933600000000005,0.0,0.0,0.0,99336.00000000004,False
standard|protect|gentle|strong,957.6594939584,9873.73605,0.07809600000000001,0.24000000000000002,0.26544480000000004,0.26544480000000004,9829.18245,9842.2210622496,9108.8637,9506.026532567039,803.4224500000001,7487.654965403201,791.05625,3470.24204438528,2763.72583399476,3697.331455393795,6022.319626770039,4140.0384929816,0.0030960000000000154,0.0,0.0,0.0,3096.0000000000155,False
standard|protect|gentle|protect,5790.920408,9378.1201,0.6290319999999999,0.0,0.3325200000000001,0.3325200000000001,9349.9941,9361.24697856,9334.361,9344.938704032002,9316.516599999999,9333.391695664,9306.235,9319.410885721602,7720.252271053053,8189.662254520022,8932.537821181631,9322.704857151999,0.554032,0.0,0.0,0.0,554032.0,False
standard|protect|standard|gentle,1653.1523903616003,9396.988200000002,0.17433600000000005,0.0,0.07809600000000001,0.07809600000000001,9362.4866,9373.676210432002,9334.0316,9351.06968013824,9099.5866,9290.195233696,72.64500000000001,6440.784248624641,3969.507169181209,5001.863796344921,7180.164284988037,8031.879071356161,0.09933600000000005,0.0,0.0,0.0,99336.00000000004,False
standard|protect|standard|standard,1334.1966935039998,9866.645499999999,0.12021600000000002,0.24000000000000002,0.28189728000000003,0.28189728000000003,9822.6295,9835.577493856,9341.801,9621.945938643199,9086.041,9407.964752079999,781.9875,4905.3411216288005,3456.833837522198,4464.939465808782,6786.638463384876,5936.179527036,0.04521600000000002,0.0,0.0,0.0,45216.00000000002,False
standard|protect|standard|strong,760.9691577920001,9883.39335,0.055128,0.24000000000000002,0.25264032000000003,0.25264032000000003,9836.46535,9850.287579836799,9109.8991,9371.822989168,816.24935,5520.244033052001,810.3987500000001,2694.5439650998405,2228.970219227848,3054.2643148876173,5244.652796894642,3165.580268874801,0.0,0.0,0.0,0.0,0.0,True
standard|protect|standard|protect,3109.2584668800005,9387.7774,0.3325200000000001,0.0,0.25108800000000003,0.25108800000000003,9356.871000000001,9367.981575168002,9335.3964,9348.375219302401,9322.2924,9337.789595212802,9304.490000000002,9321.391047296003,5684.904861645636,6582.0528789876225,8201.78684394055,9325.616309120001,0.2575200000000001,0.0,0.0,0.0,257520.0000000001,False
standard|protect|strong|gentle,957.6594939584,9873.73605,0.07809600000000001,0.24000000000000002,0.26544480000000004,0.26544480000000004,9829.18245,9842.2210622496,9108.8637,9506.026532567039,803.4224500000001,7487.654965403201,791.05625,3470.24204438528,2763.72583399476,3697.331455393795,6022.319626770039,4140.0384929816,0.0030960000000000154,0.0,0.0,0.0,3096.0000000000155,False
standard|protect|strong|standard,760.9691577920001,9883.39335,0.055128,0.24000000000000002,0.25264032000000003,0.25264032000000003,9836.46535,9850.287579836799,9109.8991,9371.822989168,816.24935,5520.244033052001,810.3987500000001,2694.5439650998405,2228.970219227848,3054.2643148876173,5244.652796894642,3165.580268874801,0.0,0.0,0.0,0.0,0.0,True
standard|protect|strong|strong,432.92412544,9900.141200000002,0.016632,0.24000000000000002,0.24361152000000003,0.24361152000000003,9138.811200000002,9527.733317760005,846.1012000000001,3683.8559030195215,838.8100000000001,2262.753557251841,838.8100000000001,1408.3874229007365,1182.6211325367944,1654.108622074361,3063.6196905703937,1550.7817786259204,0.0,0.0,0.0,0.0,0.0,True
standard|protect|strong|protect,2358.8387590079997,9404.525249999999,0.25108800000000003,0.0,0.12021600000000002,0.12021600000000002,9369.99425,9380.60895872,9344.23425,9358.0976809296,9321.2655,9345.319396440002,9075.6975,9208.188343008002,4830.674254992409,5818.6625932960815,7742.991129909238,9241.31105376,0.17608800000000002,0.0,0.0,0.0,176088.00000000003,False
standard|protect|protect|gentle,5790.920408,9378.1201,0.6290319999999999,0.0,0.3325200000000001,0.3325200000000001,9349.9941,9361.24697856,9334.361,9344.938704032002,9316.516599999999,9333.391695664,9306.235,9319.410885721602,7720.252271053053,8189.662254520022,8932.537821181631,9322.704857151999,0.554032,0.0,0.0,0.0,554032.0,False
standard|protect|protect|standard,3109.2584668800005,9387.7774,0.3325200000000001,0.0,0.25108800000000003,0.25108800000000003,9356.871000000001,9367.981575168002,9335.3964,9348.375219302401,9322.2924,9337.789595212802,9304.490000000002,9321.391047296003,5684.904861645636,6582.0528789876225,8201.78684394055,9325.616309120001,0.2575200000000001,0.0,0.0,0.0,257520.0000000001,False
standard|protect|protect|strong,2358.8387590079997,9404.525249999999,0.25108800000000003,0.0,0.12021600000000002,0.12021600000000002,9369.99425,9380.60895872,9344.23425,9358.0976809296,9321.2655,9345.319396440002,9075.6975,9208.188343008002,4830.674254992409,5818.6625932960815,7742.991129909238,9241.31105376,0.17608800000000002,0.0,0.0,0.0,176088.00000000003,False
standard|protect|protect|protect,9199.654616000002,9368.9093,1.0,0.0,0.6290319999999999,0.6290319999999999,9344.011,9355.858548160002,9335.7258,9343.410165024003,9317.3893,9331.740126112001,9309.9658,9319.673710374402,9265.049712514132,9283.793344294303,9317.575085039014,9322.082392348002,0.925,0.0,0.26903199999999994,0.26903199999999994,1463064.0,False
strong|gentle|gentle|gentle,959.2979864512001,9873.289550000001,0.07809600000000001,0.24000000000000002,0.26544480000000004,0.26544480000000004,9827.884750000001,9841.277852464,9106.4635,9504.42886684672,802.1247500000001,7486.049786494401,794.26375,3471.520681996288,2762.182082715106,3691.988977336661,6012.66529567696,4140.83491499536,0.0030960000000000154,0.0,0.0,0.0,3096.0000000000155,False
strong|gentle|gentle|standard,568.0290184767999,9882.94685,0.03348,0.24000000000000002,0.25264032000000003,0.25264032000000003,9385.2781,9760.950071267202,819.63325,6559.0011610768,813.60625,3688.4376653943996,813.60625,1963.53881615776,1679.9171223910323,2346.6183038217764,4239.663828009353,2251.0219576972,0.0,0.0,0.0,0.0,0.0,True
strong|gentle|gentle|strong,435.0447349248,9899.6947,0.016632,0.24000000000000002,0.24361152000000003,0.24361152000000003,9137.2622,9526.62440048,849.4851,3684.5970359174407,842.0175,2264.76224319456,842.0175,1411.1153972778243,1182.2490905928578,1646.787379689113,3014.430453699246,1553.38987159728,0.0,0.0,0.0,0.0,0.0,True
strong|gentle|gentle|protect,1659.2494275392,9404.07875,0.17433600000000005,0.0,0.07809600000000001,0.07809600000000001,9368.732950000001,9379.568997376002,9337.8283,9356.03437401088,9106.13955,9295.2425077872,81.71375,6446.226782152832,3975.3488528565235,5007.605642373409,7185.744146003179,8036.5332593699195,0.09933600000000005,0.0,0.0,0.0,99336.00000000004,False
strong|gentle|standard|gentle,568.0290184767999,9882.94685,0.03348,0.24000000000000002,0.25264032000000003,0.25264032000000003,9385.2781,9760.950071267202,819.63325,6559.0011610768,813.60625,3688.4376653943996,813.60625,1963.53881615776,1679.9171223910323,2346.6183038217764,4239.663828009353,2251.0219576972,0.0,0.0,0.0,0.0,0.0,True
strong|gentle|standard|standard,428.1405529024001,9892.604150000001,0.016632,0.24000000000000002,0.24361152000000003,0.24361152000000003,9132.9279,9521.189893680003,839.97535,3677.2321589392004,832.94875,2256.45950597104,832.94875,1402.353052388416,1177.2465124853338,1648.4893470770905,3057.485590064631,1544.70412798552,0.0,0.0,0.0,0.0,0.0,True
strong|gentle|standard|strong,457.0909316736,9909.351999999999,0.004752,0.4072,0.4072,0.4072,869.8272000000001,5150.221840896001,869.8272000000001,1725.9061281791999,861.36,1294.17594031104,830.672,1033.702177427456,889.4184195818657,1121.9582593476462,1798.6222812391659,1077.76797015552,0.0,0.10720000000000002,0.04720000000000002,0.04720000000000002,201600.00000000006,False
strong|gentle|standard|protect,957.6594939584,9873.73605,0.07809600000000001,0.24000000000000002,0.26544480000000004,0.26544480000000004,9829.18245,9842.2210622496,9108.8637,9506.026532567039,803.4224500000001,7487.654965403201,791.05625,3470.24204438528,2761.3373633375877,3691.45099011918,6012.8406743971955,4140.0384929816,0.0030960000000000154,0.0,0.0,0.0,3096.0000000000155,False
strong|gentle|strong|gentle,435.0447349248,9899.6947,0.016632,0.24000000000000002,0.24361152000000003,0.24361152000000003,9137.2622,9526.62440048,849.4851,3684.5970359174407,842.0175,2264.76224319456,842.0175,1411.1153972778243,1182.2490905928578,1646.787379689113,3014.430453699246,1553.38987159728,0.0,0.0,0.0,0.0,0.0,True
strong|gentle|strong|standard,457.0909316736,9909.351999999999,0.004752,0.4072,0.4072,0.4072,869.8272000000001,5150.221840896001,869.8272000000001,1725.9061281791999,861.36,1294.17594031104,830.672,1033.702177427456,889.4184195818657,1121.9582593476462,1798.6222812391659,1077.76797015552,0.0,0.10720000000000002,0.04720000000000002,0.04720000000000002,201600.00000000006,False
strong|gentle|strong|strong,887.7903179456001,9926.09985,0.004752,1.0,1.0,1.0,899.67905,5166.858735296001,899.67905,1753.1149870592003,889.77125,1322.0783591081602,838.4161,1061.381768248576,1155.5471034451632,1328.1861628873164,1899.8854109999409,1105.92480455408,0.0,0.7,0.64,0.64,1980000.0,False
strong|gentle|strong|protect,572.8819373824,9890.4839,0.03348,0.24000000000000002,0.25264032000000003,0.25264032000000003,9391.1614,9768.150304518404,825.7591,6565.5552615904,819.4675,3694.897206829121,819.4675,1969.6393827316483,1685.3993235399782,2352.3360780919866,4245.881331183983,2257.1823534145606,0.0,0.0,0.0,0.0,0.0,True
strong|gentle|protect|gentle,1659.2494275392,9404.07875,0.17433600000000005,0.0,0.07809600000000001,0.07809600000000001,9368.732950000001,9379.568997376002,9337.8283,9356.03437401088,9106.13955,9295.2425077872,81.71375,6446.226782152832,3975.3488528565235,5007.605642373409,7185.744146003179,8036.5332593699195,0.09933600000000005,0.0,0.0,0.0,99336.00000000004,False
strong|gentle|protect|standard,957.6594939584,9873.73605,0.07809600000000001,0.24000000000000002,0.26544480000000004,0.26544480000000004,9829.18245,9842.2210622496,9108.8637,9506.026532567039,803.4224500000001,7487.654965403201,791.05625,3470.24204438528,2761.3373633375877,3691.45099011918,6012.8406743971955,4140.0384929816,0.0030960000000000154,0.0,0.0,0.0,3096.0000000000155,False
strong|gentle|protect|strong,572.8819373824,9890.4839,0.03348,0.24000000000000002,0.25264032000000003,0.25264032000000003,9391.1614,9768.150304518404,825.7591,6565.5552615904,819.4675,3694.897206829121,819.4675,1969.6393827316483,1685.3993235399782,2352.3360780919866,4245.881331183983,2257.1823534145606,0.0,0.0,0.0,0.0,0.0,True
strong|gentle|protect|protect,3114.40141136,9394.86795,0.3325200000000001,0.0,0.25108800000000003,0.25108800000000003,9363.11735,9373.874362112003,9339.193099999999,9353.339913175038,9326.626699999999,9342.8633511104,9307.4425,9325.609461433602,5689.454493917565,6586.001440873242,8205.584665430615,9330.151201792001,0.2575200000000001,0.0,0.0,0.0,257520.0000000001,False
strong|standard|gentle|gentle,568.0290184767999,9882.94685,0.03348,0.24000000000000002,0.25264032000000003,0.25264032000000003,9385.2781,9760.950071267202,819.63325,6559.0011610768,813.60625,3688.4376653943996,813.60625,1963.53881615776,1679.9171223910323,2346.6183038217764,4239.663828009353,2251.0219576972,0.0,0.0,0.0,0.0,0.0,True
strong|standard|gentle|standard,428.1405529024001,9892.604150000001,0.016632,0.24000000000000002,0.24361152000000003,0.24361152000000003,9132.9279,9521.189893680003,839.97535,3677.2321589392004,832.94875,2256.45950597104,832.94875,1402.353052388416,1177.2465124853338,1648.4893470770905,3057.485590064631,1544.70412798552,0.0,0.0,0.0,0.0,0.0,True
strong|standard|gentle|strong,457.0909316736,9909.351999999999,0.004752,0.4072,0.4072,0.4072,869.8272000000001,5150.221840896001,869.8272000000001,1725.9061281791999,861.36,1294.17594031104,830.672,1033.702177427456,889.4184195818657,1121.9582593476462,1798.6222812391659,1077.76797015552,0.0,0.10720000000000002,0.04720000000000002,0.04720000000000002,201600.00000000006,False
strong|standard|gentle|protect,957.6594939584,9873.73605,0.07809600000000001,0.24000000000000002,0.26544480000000004,0.26544480000000004,9829.18245,9842.2210622496,9108.8637,9506.026532567039,803.4224500000001,7487.654965403201,791.05625,3470.24204438528,2761.3373633375877,3691.45099011918,6012.8406743971955,4140.0384929816,0.0030960000000000154,0.0,0.0,0.0,3096.0000000000155,False
strong|standard|standard|gentle,428.1405529024001,9892.604150000001,0.016632,0.24000000000000002,0.24361152000000003,0.24361152000000003,9132.9279,9521.189893680003,839.97535,3677.2321589392004,832.94875,2256.45950597104,832.94875,1402.353052388416,1177.2465124853338,1648.4893470770905,3057.485590064631,1544.70412798552,0.0,0.0,0.0,0.0,0.0,True
strong|standard|standard|standard,335.56808483200007,9902.261449999998,0.004752,0.24000000000000002,0.24361152000000003,0.24361152000000003,860.31745,4977.416962239999,860.31745,1683.737352448,852.29125,1268.6375924598399,136.33770000000004,1000.5343672435199,740.2620147443753,991.0030524275533,1723.294145907176,1060.46442122992,0.0,0.0,0.0,0.0,0.0,True
strong|standard|standard|strong,880.7595340800001,9919.009300000002,0.004752,1.0,1.0,1.0,890.1693,5160.183776640001,890.1693,1744.172195328,880.7025000000001,1313.0443134393602,834.0818000000002,1052.4478837376,1148.0712755024938,1320.4874252328016,1891.822998000567,1096.87340671968,0.0,0.7,0.64,0.64,1980000.0,False
strong|standard|standard|protect,760.9691577920001,9883.39335,0.055128,0.24000000000000002,0.25264032000000003,0.25264032000000003,9836.46535,9850.287579836799,9109.8991,9371.822989168,816.24935,5520.244033052001,810.3987500000001,2694.5439650998405,2228.970219227848,3054.2643148876173,5244.652796894642,3165.580268874801,0.0,0.0,0.0,0.0,0.0,True
strong|standard|strong|gentle,457.0909316736,9909.351999999999,0.004752,0.4072,0.4072,0.4072,869.8272000000001,5150.221840896001,869.8272000000001,1725.9061281791999,861.36,1294.17594031104,830.672,1033.702177427456,889.4184195818657,1121.9582593476462,1798.6222812391659,1077.76797015552,0.0,0.10720000000000002,0.04720000000000002,0.04720000000000002,201600.00000000006,False
strong|standard|strong|standard,880.7595340800001,9919.009300000002,0.004752,1.0,1.0,1.0,890.1693,5160.183776640001,890.1693,1744.172195328,880.7025000000001,1313.0443134393602,834.0818000000002,1052.4478837376,1148.0712755024938,1320.4874252328016,1891.822998000567,1096.87340671968,0.0,0.7,0.64,0.64,1980000.0,False
strong|standard|strong|strong,859.7780054720001,935.75715,0.0,1.0,1.0,1.0,920.02115,921.8158093280001,920.02115,920.3800818656,909.1137500000001,915.0523231328001,851.8499,909.4259487680002,875.1711453222053,883.3690471226939,900.4606036851961,912.0830365664002,0.0,0.7,0.64,0.64,1980000.0,False
strong|standard|strong|protect,432.92412544,9900.141200000002,0.016632,0.24000000000000002,0.24361152000000003,0.24361152000000003,9138.811200000002,9527.733317760005,846.1012000000001,3683.8559030195215,838.8100000000001,2262.753557251841,838.8100000000001,1408.3874229007365,1182.6211325367944,1654.108622074361,3063.6196905703937,1550.7817786259204,0.0,0.0,0.0,0.0,0.0,True
strong|standard|protect|gentle,957.6594939584,9873.73605,0.07809600000000001,0.24000000000000002,0.26544480000000004,0.26544480000000004,9829.18245,9842.2210622496,9108.8637,9506.026532567039,803.4224500000001,7487.654965403201,791.05625,3470.24204438528,2761.3373633375877,3691.45099011918,6012.8406743971955,4140.0384929816,0.0030960000000000154,0.0,0.0,0.0,3096.0000000000155,False
strong|standard|protect|standard,760.9691577920001,9883.39335,0.055128,0.24000000000000002,0.25264032000000003,0.25264032000000003,9836.46535,9850.287579836799,9109.8991,9371.822989168,816.24935,5520.244033052001,810.3987500000001,2694.5439650998405,2228.970219227848,3054.2643148876173,5244.652796894642,3165.580268874801,0.0,0.0,0.0,0.0,0.0,True
strong|standard|protect|strong,432.92412544,9900.141200000002,0.016632,0.24000000000000002,0.24361152000000003,0.24361152000000003,9138.811200000002,9527.733317760005,846.1012000000001,3683.8559030195215,838.8100000000001,2262.753557251841,838.8100000000001,1408.3874229007365,1182.6211325367944,1654.108622074361,3063.6196905703937,1550.7817786259204,0.0,0.0,0.0,0.0,0.0,True
strong|standard|protect|protect,1668.070759008,9404.525249999999,0.17433600000000005,0.0,0.12021600000000002,0.12021600000000002,9369.99425,9380.60895872,9344.23425,9358.0976809296,9321.2655,9345.319396440002,78.50625,6486.075861260162,3993.264964300343,5027.322945145985,7204.230416745317,8086.893796980801,0.09933600000000005,0.0,0.0,0.0,99336.00000000004,False
strong|strong|gentle|gentle,435.0447349248,9899.6947,0.016632,0.24000000000000002,0.24361152000000003,0.24361152000000003,9137.2622,9526.62440048,849.4851,3684.5970359174407,842.0174999999999,2264.76224319456,842.0174999999999,1411.115397277824,1182.2490905928578,1646.787379689113,3014.430453699246,1553.38987159728,0.0,0.0,0.0,0.0,0.0,True
strong|strong|gentle|standard,457.0909316736,9909.351999999999,0.004752,0.4072,0.4072,0.4072,869.8272000000001,5150.221840896001,869.8272000000001,1725.9061281791999,861.36,1294.17594031104,830.672,1033.702177427456,889.4184195818657,1121.9582593476462,1798.6222812391659,1077.76797015552,0.0,0.10720000000000002,0.04720000000000002,0.04720000000000002,201600.00000000006,False
strong|strong|gentle|strong,887.7903179456001,9926.09985,0.004752,1.0,1.0,1.0,899.67905,5166.858735296001,899.67905,1753.1149870592003,889.77125,1322.0783591081602,838.4161,1061.381768248576,1155.5471034451632,1328.1861628873164,1899.8854109999409,1105.92480455408,0.0,0.7,0.64,0.64,1980000.0,False
strong|strong|gentle|protect,572.8819373824,9890.4839,0.03348,0.24000000000000002,0.25264032000000003,0.25264032000000003,9391.1614,9768.150304518404,825.7591,6565.5552615904,819.4675,3694.897206829121,819.4675,1969.6393827316483,1685.3993235399782,2352.3360780919866,4245.881331183983,2257.1823534145606,0.0,0.0,0.0,0.0,0.0,True
strong|strong|standard|gentle,457.0909316736,9909.351999999999,0.004752,0.4072,0.4072,0.4072,869.8272000000001,5150.221840896001,869.8272000000001,1725.9061281791999,861.36,1294.17594031104,830.672,1033.702177427456,889.4184195818657,1121.9582593476462,1798.6222812391659,1077.76797015552,0.0,0.10720000000000002,0.04720000000000002,0.04720000000000002,201600.00000000006,False
strong|strong|standard|standard,880.7595340800001,9919.009300000002,0.004752,1.0,1.0,1.0,890.1693,5160.183776640001,890.1693,1744.172195328,880.7025000000001,1313.0443134393602,834.0818000000002,1052.4478837376,1148.0712755024938,1320.4874252328016,1891.822998000567,1096.87340671968,0.0,0.7,0.64,0.64,1980000.0,False
strong|strong|standard|strong,859.7780054720001,935.75715,0.0,1.0,1.0,1.0,920.02115,921.8158093280001,920.02115,920.3800818656,909.1137500000001,915.0523231328001,851.8499,909.4259487680002,875.1711453222053,883.3690471226939,900.4606036851961,912.0830365664002,0.0,0.7,0.64,0.64,1980000.0,False
strong|strong|standard|protect,432.92412544,9900.141200000002,0.016632,0.24000000000000002,0.24361152000000003,0.24361152000000003,9138.811200000002,9527.733317760005,846.1012000000001,3683.8559030195215,838.8100000000001,2262.753557251841,838.8100000000001,1408.3874229007365,1182.6211325367944,1654.108622074361,3063.6196905703937,1550.7817786259204,0.0,0.0,0.0,0.0,0.0,True
strong|strong|strong|gentle,887.7903179456001,9926.09985,0.004752,1.0,1.0,1.0,899.67905,5166.858735296001,899.67905,1753.1149870592003,889.77125,1322.0783591081602,838.4161,1061.381768248576,1155.5471034451632,1328.1861628873164,1899.8854109999409,1105.92480455408,0.0,0.7,0.64,0.64,1980000.0,False
strong|strong|strong|standard,859.7780054720001,935.75715,0.0,1.0,1.0,1.0,920.02115,921.8158093280001,920.02115,920.3800818656,909.11375,915.0523231328,851.8499,909.4259487680001,875.1711453222053,883.3690471226939,900.4606036851961,912.0830365664001,0.0,0.7,0.64,0.64,1980000.0,False
strong|strong|strong|strong,881.6010672640002,952.505,0.0,1.0,1.0,1.0,949.873,950.173174336,949.873,949.9330348672,937.525,944.0747614336001,872.698,937.5898466560002,898.6832928500701,907.8582752075095,926.8989842388495,940.7998807168002,0.0,0.7,0.64,0.64,1980000.0,False
strong|strong|strong|protect,461.802488928,9916.88905,0.004752,0.4072,0.4072,0.4072,875.9530500000001,5156.823399360001,875.9530500000001,1732.127119872,867.22125,1300.29516406176,836.5553,1039.66718039168,902.5825056499569,1148.0097945986868,1854.0821328340023,1083.75820703088,0.0,0.10720000000000002,0.04720000000000002,0.04720000000000002,201600.00000000006,False
strong|strong|protect|gentle,572.8819373824,9890.4839,0.03348,0.24000000000000002,0.25264032000000003,0.25264032000000003,9391.1614,9768.150304518404,825.7591,6565.5552615904,819.4675,3694.897206829121,819.4675,1969.6393827316483,1685.3993235399782,2352.3360780919866,4245.881331183983,2257.1823534145606,0.0,0.0,0.0,0.0,0.0,True
strong|strong|protect|standard,432.92412544,9900.141200000002,0.016632,0.24000000000000002,0.24361152000000003,0.24361152000000003,9138.811200000002,9527.733317760005,846.1012000000001,3683.8559030195215,838.8100000000001,2262.753557251841,838.8100000000001,1408.3874229007365,1182.6211325367944,1654.108622074361,3063.6196905703937,1550.7817786259204,0.0,0.0,0.0,0.0,0.0,True
strong|strong|protect|strong,461.802488928,9916.88905,0.004752,0.4072,0.4072,0.4072,875.95305,5156.823399360001,875.95305,1732.127119872,867.22125,1300.29516406176,836.5553,1039.66718039168,902.5825056499569,1148.0097945986868,1854.0821328340023,1083.75820703088,0.0,0.10720000000000002,0.04720000000000002,0.04720000000000002,201600.00000000006,False
strong|strong|protect|protect,1345.62026336,9881.2731,0.12021600000000002,0.24000000000000002,0.28189728000000003,0.28189728000000003,9837.0331,9849.807840428803,9351.145,9634.289076686078,9095.385,9419.067689232,796.9175,4918.228961485953,3468.7865118307855,4477.082706595903,6799.234940034371,5948.556826857441,0.04521600000000002,0.0,0.0,0.0,45216.00000000002,False
strong|protect|gentle|gentle,1659.2494275392,9404.07875,0.17433600000000005,0.0,0.07809600000000001,0.07809600000000001,9368.732950000001,9379.568997376002,9337.8283,9356.03437401088,9106.13955,9295.2425077872,81.71375,6446.226782152832,3975.3488528565235,5007.605642373409,7185.744146003179,8036.5332593699195,0.09933600000000005,0.0,0.0,0.0,99336.00000000004,False
strong|protect|gentle|standard,957.6594939584,9873.73605,0.07809600000000001,0.24000000000000002,0.26544480000000004,0.26544480000000004,9829.18245,9842.2210622496,9108.8637,9506.026532567039,803.4224500000001,7487.654965403201,791.05625,3470.24204438528,2763.72583399476,3697.331455393795,6022.319626770039,4140.0384929816,0.0030960000000000154,0.0,0.0,0.0,3096.0000000000155,False
strong|protect|gentle|strong,572.8819373824,9890.4839,0.03348,0.24000000000000002,0.25264032000000003,0.25264032000000003,9391.1614,9768.150304518404,825.7591,6565.5552615904,819.4675,3694.897206829121,819.4675,1969.6393827316483,1685.3993235399782,2352.3360780919866,4245.881331183983,2257.1823534145606,0.0,0.0,0.0,0.0,0.0,True
strong|protect|gentle|protect,3114.40141136,9394.86795,0.3325200000000001,0.0,0.25108800000000003,0.25108800000000003,9363.11735,9373.874362112003,9339.193099999999,9353.339913175038,9326.626699999999,9342.8633511104,9307.4425,9325.609461433602,5689.454493917565,6586.001440873242,8205.584665430615,9330.151201792001,0.2575200000000001,0.0,0.0,0.0,257520.0000000001,False
strong|protect|standard|gentle,957.6594939584,9873.73605,0.07809600000000001,0.24000000000000002,0.26544480000000004,0.26544480000000004,9829.18245,9842.2210622496,9108.8637,9506.026532567039,803.4224500000001,7487.654965403201,791.05625,3470.24204438528,2763.72583399476,3697.331455393795,6022.319626770039,4140.0384929816,0.0030960000000000154,0.0,0.0,0.0,3096.0000000000155,False
strong|protect|standard|standard,760.9691577920001,9883.39335,0.055128,0.24000000000000002,0.25264032000000003,0.25264032000000003,9836.46535,9850.287579836799,9109.8991,9371.822989168,816.24935,5520.244033052001,810.3987500000001,2694.5439650998405,2228.970219227848,3054.2643148876173,5244.652796894642,3165.580268874801,0.0,0.0,0.0,0.0,0.0,True
strong|protect|standard|strong,432.92412544,9900.141200000002,0.016632,0.24000000000000002,0.24361152000000003,0.24361152000000003,9138.811200000002,9527.733317760005,846.1012000000001,3683.8559030195215,838.8100000000001,2262.753557251841,838.8100000000001,1408.3874229007365,1182.6211325367944,1654.108622074361,3063.6196905703937,1550.7817786259204,0.0,0.0,0.0,0.0,0.0,True
strong|protect|standard|protect,2358.8387590079997,9404.525249999999,0.25108800000000003,0.0,0.12021600000000002,0.12021600000000002,9369.99425,9380.60895872,9344.23425,9358.0976809296,9321.2655,9345.319396440002,9075.6975,9208.188343008002,4830.674254992409,5818.6625932960815,7742.991129909238,9241.31105376,0.17608800000000002,0.0,0.0,0.0,176088.00000000003,False
strong|protect|strong|gentle,572.8819373824,9890.4839,0.03348,0.24000000000000002,0.25264032000000003,0.25264032000000003,9391.1614,9768.150304518404,825.7591,6565.5552615904,819.4675,3694.897206829121,819.4675,1969.6393827316483,1685.3993235399782,2352.3360780919866,4245.881331183983,2257.1823534145606,0.0,0.0,0.0,0.0,0.0,True
strong|protect|strong|standard,432.92412544,9900.141200000002,0.016632,0.24000000000000002,0.24361152000000003,0.24361152000000003,9138.811200000002,9527.733317760005,846.1012000000001,3683.8559030195215,838.8100000000001,2262.753557251841,838.8100000000001,1408.3874229007365,1182.6211325367944,1654.108622074361,3063.6196905703937,1550.7817786259204,0.0,0.0,0.0,0.0,0.0,True
strong|protect|strong|strong,461.802488928,9916.88905,0.004752,0.4072,0.4072,0.4072,875.95305,5156.823399360001,875.95305,1732.127119872,867.22125,1300.29516406176,836.5553,1039.66718039168,902.5825056499569,1148.0097945986868,1854.0821328340023,1083.75820703088,0.0,0.10720000000000002,0.04720000000000002,0.04720000000000002,201600.00000000006,False
strong|protect|strong|protect,1345.62026336,9881.2731,0.12021600000000002,0.24000000000000002,0.28189728000000003,0.28189728000000003,9837.0331,9849.807840428803,9351.145,9634.289076686078,9095.385,9419.067689232,796.9175,4918.228961485953,3468.7865118307855,4477.082706595903,6799.234940034371,5948.556826857441,0.04521600000000002,0.0,0.0,0.0,45216.00000000002,False
strong|protect|protect|gentle,3114.40141136,9394.86795,0.3325200000000001,0.0,0.25108800000000003,0.25108800000000003,9363.11735,9373.874362112003,9339.193099999999,9353.339913175038,9326.626699999999,9342.8633511104,9307.4425,9325.6094614336,5689.454493917565,6586.001440873242,8205.584665430615,9330.151201792,0.2575200000000001,0.0,0.0,0.0,257520.0000000001,False
strong|protect|protect|standard,2358.8387590079997,9404.525249999999,0.25108800000000003,0.0,0.12021600000000002,0.12021600000000002,9369.99425,9380.60895872,9344.23425,9358.0976809296,9321.2655,9345.319396440002,9075.6975,9208.188343008002,4830.674254992409,5818.6625932960815,7742.991129909238,9241.31105376,0.17608800000000002,0.0,0.0,0.0,176088.00000000003,False
strong|protect|protect|strong,1345.62026336,9881.2731,0.12021600000000002,0.24000000000000002,0.28189728000000003,0.28189728000000003,9837.0331,9849.807840428803,9351.145,9634.289076686078,9095.385,9419.067689232,796.9175,4918.228961485953,3468.7865118307855,4477.082706595903,6799.234940034371,5948.556826857441,0.04521600000000002,0.0,0.0,0.0,45216.00000000002,False
strong|protect|protect|protect,5797.434828000001,9385.65715,0.6290319999999999,0.0,0.3325200000000001,0.3325200000000001,9357.501750000001,9368.179726848,9340.557900000002,9351.353316912,9324.16915,9340.020782372803,9312.4025,9325.866936608001,7725.588803760288,8193.614216378994,8936.491430535225,9329.233045760002,0.554032,0.0,0.0,0.0,554032.0,False
protect|gentle|gentle|gentle,5778.448667520001,9388.1253,0.6290319999999999,0.0,0.25108800000000003,0.25108800000000003,9358.6553,9369.33736832,9339.105000000001,9350.966742816,9324.4778,9340.1209686656,9309.634999999998,9324.829714572801,7702.2180040704225,8171.223194802055,8923.106517636352,9328.628393216,0.554032,0.0,0.0,0.0,554032.0,False
protect|gentle|gentle|standard,3098.4863526400004,9397.7826,0.3325200000000001,0.0,0.17433600000000005,0.17433600000000005,9365.5322,9376.071964928,9340.1404,9354.983286446079,9327.8876,9344.572839603201,9077.890000000001,9257.677597417985,5670.080070825421,6568.386256046943,8194.609174683284,9302.247976574721,0.2575200000000001,0.0,0.0,0.0,257520.0000000001,False
protect|gentle|gentle|strong,1699.8257619392002,9874.53045,0.17433600000000005,0.05280000000000001,0.11619648000000002,0.11619648000000002,9823.01045,9841.0839254816,9351.2767,9618.488303797121,9122.89545,9460.753718318401,91.63625,6586.898177526658,4078.6319612071006,5148.665997780548,7419.396730742349,8208.850468911041,0.09933600000000005,0.0,0.0,0.0,99336.00000000004,False
protect|gentle|gentle|protect,5865.849912000002,9378.9145,0.6290319999999999,0.0,0.6290319999999999,0.6290319999999999,9353.039700000001,9363.642733056002,9340.4698,9349.438203808,9322.5022,9337.664246704,9314.595000000001,9325.0871897472,7777.261699228218,8235.296148527139,8955.085420345365,9327.710237184,0.554032,0.0,0.26903199999999994,0.26903199999999994,1092096.0,False
protect|gentle|standard|gentle,3098.4863526400004,9397.7826,0.3325200000000001,0.0,0.17433600000000005,0.17433600000000005,9365.5322,9376.071964928,9340.1404,9354.983286446079,9327.8876,9344.572839603201,9077.890000000001,9257.677597417985,5670.080070825421,6568.386256046943,8194.609174683284,9302.247976574721,0.2575200000000001,0.0,0.0,0.0,257520.0000000001,False
protect|gentle|standard|standard,1660.6776143616,9407.439900000001,0.17433600000000005,0.0,0.07809600000000001,0.07809600000000001,9372.4091,9382.806561536003,9341.1758,9359.27541300224,9110.0383,9298.541179158401,82.56750000000001,6449.251202398465,3977.603182459853,5010.104765766591,7188.690373216701,8039.915693068161,0.09933600000000005,0.0,0.0,0.0,99336.00000000004,False
protect|gentle|standard|strong,965.1847179584001,9884.18775,0.07809600000000001,0.24000000000000002,0.26544480000000004,0.26544480000000004,9839.63415,9852.4587791712,9116.0079,9514.23226543104,813.87415,7496.0009108656,800.97875,3479.5896055869434,2769.4835976624126,3699.818188431081,6021.6673360424575,4149.242319483679,0.0030960000000000154,0.0,0.0,0.0,3096.0000000000155,False
protect|gentle|standard|protect,5798.445632,9388.5718,0.6290319999999999,0.0,0.3325200000000001,0.3325200000000001,9359.9166,9370.377329664001,9341.505200000001,9352.779796928,9326.026800000001,9341.723148057601,9312.85,9327.0673513216,7725.915510634487,8192.982147444876,8936.087984048681,9330.621689152,0.554032,0.0,0.0,0.0,554032.0,False
protect|gentle|strong|gentle,1699.8257619392004,9874.53045,0.17433600000000005,0.05280000000000001,0.11619648000000002,0.11619648000000002,9823.01045,9841.0839254816,9351.2767,9618.488303797121,9122.89545,9460.753718318401,91.63625,6586.898177526658,4078.6319612071006,5148.665997780548,7419.396730742349,8208.850468911041,0.09933600000000005,0.0,0.0,0.0,99336.00000000004,False
protect|gentle|strong|standard,965.1847179584001,9884.18775,0.07809600000000001,0.24000000000000002,0.26544480000000004,0.26544480000000004,9839.63415,9852.4587791712,9116.0079,9514.23226543104,813.8741500000001,7496.0009108656,800.97875,3479.5896055869434,2769.4835976624126,3699.818188431081,6021.6673360424575,4149.242319483679,0.0030960000000000154,0.0,0.0,0.0,3096.0000000000155,False
protect|gentle|strong|strong,580.4071613824002,9900.9356,0.03348,0.24000000000000002,0.25264032000000003,0.25264032000000003,9398.3056,9777.738163840002,836.2108000000001,6574.145468838402,829.39,3704.3244302425605,829.39,1979.3637720970244,1693.577619360342,2360.7702744992757,4254.758732559031,2266.85721512128,0.0,0.0,0.0,0.0,0.0,True
protect|gentle|strong|protect,3121.9266353600005,9405.31965,0.3325200000000001,0.0,0.25108800000000003,0.25108800000000003,9373.039850000001,9383.004713216002,9347.27985,9361.6552110672,9334.08625,9351.300057362081,9314.0575,9333.2659270336,5695.611999323537,6589.754463270579,8208.205761090096,9338.068033792,0.2575200000000001,0.0,0.0,0.0,257520.0000000001,False
protect|gentle|protect|gentle,5865.849912000002,9378.9145,0.6290319999999999,0.0,0.6290319999999999,0.6290319999999999,9353.039700000001,9363.642733056002,9340.4698,9349.438203808,9322.5022,9337.664246704,9314.595000000001,9325.0871897472,7777.261699228218,8235.296148527139,8955.085420345365,9327.710237184,0.554032,0.0,0.26903199999999994,0.26903199999999994,1092096.0,False
protect|gentle|protect|standard,5798.445632,9388.5718,0.6290319999999999,0.0,0.3325200000000001,0.3325200000000001,9359.9166,9370.377329664001,9341.505200000001,9352.779796928,9326.026800000001,9341.723148057601,9312.85,9327.0673513216,7725.915510634487,8192.982147444876,8936.087984048681,9330.621689152,0.554032,0.0,0.0,0.0,554032.0,False
protect|gentle|protect|strong,3121.926635360001,9405.31965,0.3325200000000001,0.0,0.25108800000000003,0.25108800000000003,9373.039850000001,9383.004713216002,9347.27985,9361.6552110672,9334.08625,9351.300057362081,9314.0575,9333.2659270336,5695.611999323537,6589.75446327058,8208.205761090096,9338.068033792,0.2575200000000001,0.0,0.0,0.0,257520.0000000001,False
protect|gentle|protect|protect,9297.561952000002,9377.8328,1.0,0.0,1.0,1.0,9355.1416,9365.924458240002,9347.3912,9354.008292608001,9326.3128,9342.534025216,9321.6312,9331.313049139202,9314.732844280888,9321.744168756508,9337.400186058472,9333.733511424001,0.925,0.0,0.64,0.64,2205000.0,False
protect|standard|gentle|gentle,3098.4863526400004,9397.7826,0.3325200000000001,0.0,0.17433600000000005,0.17433600000000005,9365.5322,9376.071964928,9340.1404,9354.983286446079,9327.8876,9344.572839603201,9077.890000000001,9257.677597417985,5670.080070825421,6568.386256046943,8194.609174683284,9302.247976574721,0.2575200000000001,0.0,0.0,0.0,257520.0000000001,False
protect|standard|gentle|standard,1660.6776143616,9407.439900000001,0.17433600000000005,0.0,0.07809600000000001,0.07809600000000001,9372.4091,9382.806561536003,9341.1758,9359.27541300224,9110.0383,9298.541179158401,82.56750000000001,6449.251202398465,3977.603182459853,5010.104765766591,7188.690373216701,8039.915693068161,0.09933600000000005,0.0,0.0,0.0,99336.00000000004,False
protect|standard|gentle|strong,965.1847179584001,9884.18775,0.07809600000000001,0.24000000000000002,0.26544480000000004,0.26544480000000004,9839.63415,9852.4587791712,9116.0079,9514.23226543104,813.8741500000001,7496.0009108656,800.97875,3479.5896055869434,2771.873427610611,3705.7014994821857,6031.149816498671,4149.242319483679,0.0030960000000000154,0.0,0.0,0.0,3096.0000000000155,False
protect|standard|gentle|protect,5798.445632,9388.5718,0.6290319999999999,0.0,0.3325200000000001,0.3325200000000001,9359.9166,9370.377329664001,9341.505200000001,9352.779796928,9326.026800000001,9341.723148057601,9312.85,9327.0673513216,7725.915510634487,8192.982147444876,8936.087984048681,9330.621689152,0.554032,0.0,0.0,0.0,554032.0,False
protect|standard|standard|gentle,1660.6776143616,9407.439900000001,0.17433600000000005,0.0,0.07809600000000001,0.07809600000000001,9372.4091,9382.806561536003,9341.1758,9359.27541300224,9110.0383,9298.541179158401,82.56750000000001,6449.251202398465,3977.603182459853,5010.104765766591,7188.690373216701,8039.915693068161,0.09933600000000005,0.0,0.0,0.0,99336.00000000004,False
protect|standard|standard|standard,1341.7219175040002,9877.097199999998,0.12021600000000002,0.24000000000000002,0.28189728000000003,0.28189728000000003,9833.081199999999,9845.8152107776,9348.416,9630.758852725758,9092.655999999999,9415.858151104,791.91,4914.265174654463,3464.9691975956052,4473.288161326304,6795.476084474435,5944.85396831808,0.04521600000000002,0.0,0.0,0.0,45216.00000000002,False
protect|standard|standard|strong,768.494381792,9893.845050000002,0.055128,0.24000000000000002,0.25264032000000003,0.25264032000000003,9846.917050000002,9860.525296758402,9117.043300000001,9379.664082064,826.64925,5529.1719092232015,820.3212500000001,2704.0855147644806,2234.2034249931803,3052.5428385636515,5217.047330236327,3175.026580955601,0.0,0.0,0.0,0.0,0.0,True
protect|standard|standard|protect,3116.783690880001,9398.2291,0.3325200000000001,0.0,0.25108800000000003,0.25108800000000003,9366.7935,9377.111926272002,9342.5406,9356.5809521664,9329.4366,9346.1750189952,9311.105000000001,9329.047512896002,5692.971770335101,6590.238292393602,8210.253330964219,9333.533141120002,0.2575200000000001,0.0,0.0,0.0,257520.0000000001,False
protect|standard|strong|gentle,965.1847179584001,9884.18775,0.07809600000000001,0.24000000000000002,0.26544480000000004,0.26544480000000004,9839.63415,9852.4587791712,9116.0079,9514.23226543104,813.8741500000001,7496.0009108656,800.97875,3479.5896055869434,2771.873427610611,3705.7014994821857,6031.149816498671,4149.242319483679,0.0030960000000000154,0.0,0.0,0.0,3096.0000000000155,False
protect|standard|strong|standard,768.494381792,9893.845050000002,0.055128,0.24000000000000002,0.25264032000000003,0.25264032000000003,9846.917050000002,9860.525296758402,9117.043300000001,9379.664082064,826.64925,5529.1719092232015,820.3212500000001,2704.0855147644806,2234.2034249931803,3052.5428385636515,5217.047330236327,3175.026580955601,0.0,0.0,0.0,0.0,0.0,True
protect|standard|strong|strong,440.44934943999993,9910.592900000001,0.016632,0.24000000000000002,0.24361152000000003,0.24361152000000003,9145.9554,9536.197765920002,856.5529,3693.42864923584,848.7325000000001,2272.6042888412803,848.7325000000001,1418.2812155365118,1190.8301198896293,1662.6221364628786,3072.671413642882,1560.6683944206397,0.0,0.0,0.0,0.0,0.0,True
protect|standard|strong|protect,2399.415093408,9874.97695,0.25108800000000003,0.05280000000000001,0.15831648000000004,0.15831648000000004,9823.456950000002,9841.972668144002,9354.15675,9619.86289851936,9337.1807,9483.066917830402,9082.3125,9278.741013408,4929.116757220294,5948.920151154375,7960.982121784834,9327.84814176,0.17608800000000002,0.0,0.0,0.0,176088.00000000003,False
protect|standard|protect|gentle,5798.445632,9388.5718,0.6290319999999999,0.0,0.3325200000000001,0.3325200000000001,9359.9166,9370.377329664001,9341.505200000001,9352.779796928,9326.026800000001,9341.723148057601,9312.85,9327.0673513216,7725.915510634487,8192.982147444876,8936.087984048681,9330.621689152,0.554032,0.0,0.0,0.0,554032.0,False
protect|standard|protect|standard,3116.783690880001,9398.2291,0.3325200000000001,0.0,0.25108800000000003,0.25108800000000003,9366.7935,9377.111926272002,9342.5406,9356.5809521664,9329.4366,9346.1750189952,9311.105000000001,9329.047512896002,5692.971770335101,6590.238292393602,8210.253330964219,9333.533141120002,0.2575200000000001,0.0,0.0,0.0,257520.0000000001,False
protect|standard|protect|strong,2399.415093408,9874.97695,0.25108800000000003,0.05280000000000001,0.15831648000000004,0.15831648000000004,9823.456950000002,9841.972668144002,9354.15675,9619.86289851936,9337.1807,9483.066917830402,9082.3125,9278.741013408,4929.116757220294,5948.920151154375,7960.982121784834,9327.84814176,0.17608800000000002,0.0,0.0,0.0,176088.00000000003,False
protect|standard|protect|protect,9207.179839999999,9379.360999999999,1.0,0.0,0.6290319999999999,0.6290319999999999,9353.601,9364.7979648,9342.87,9351.251257920001,9324.866,9339.517364,9317.11,9327.327872896,9272.9312328708,9291.643031476166,9325.72879360704,9329.84749232,0.925,0.0,0.26903199999999994,0.26903199999999994,1463064.0,False
protect|strong|gentle|gentle,1699.8257619392004,9874.53045,0.17433600000000005,0.05280000000000001,0.11619648000000002,0.11619648000000002,9823.01045,9841.0839254816,9351.2767,9618.488303797121,9122.89545,9460.753718318401,91.63625,6586.898177526658,4078.6319612071006,5148.665997780548,7419.396730742349,8208.850468911041,0.09933600000000005,0.0,0.0,0.0,99336.00000000004,False
protect|strong|gentle|standard,965.1847179584001,9884.18775,0.07809600000000001,0.24000000000000002,0.26544480000000004,0.26544480000000004,9839.63415,9852.4587791712,9116.0079,9514.23226543104,813.8741500000001,7496.0009108656,800.97875,3479.5896055869434,2769.4835976624126,3699.818188431081,6021.6673360424575,4149.242319483679,0.0030960000000000154,0.0,0.0,0.0,3096.0000000000155,False
protect|strong|gentle|strong,580.4071613824002,9900.9356,0.03348,0.24000000000000002,0.25264032000000003,0.25264032000000003,9398.3056,9777.738163840002,836.2108000000001,6574.145468838402,829.39,3704.3244302425605,829.39,1979.3637720970244,1693.577619360342,2360.7702744992757,4254.758732559031,2266.85721512128,0.0,0.0,0.0,0.0,0.0,True
protect|strong|gentle|protect,3121.926635360001,9405.31965,0.3325200000000001,0.0,0.25108800000000003,0.25108800000000003,9373.039850000001,9383.004713216002,9347.27985,9361.6552110672,9334.08625,9351.300057362081,9314.0575,9333.2659270336,5695.611999323537,6589.75446327058,8208.205761090096,9338.068033792,0.2575200000000001,0.0,0.0,0.0,257520.0000000001,False
protect|strong|standard|gentle,965.1847179584001,9884.18775,0.07809600000000001,0.24000000000000002,0.26544480000000004,0.26544480000000004,9839.63415,9852.4587791712,9116.0079,9514.23226543104,813.8741500000001,7496.0009108656,800.97875,3479.5896055869434,2769.4835976624126,3699.818188431081,6021.6673360424575,4149.242319483679,0.0030960000000000154,0.0,0.0,0.0,3096.0000000000155,False
protect|strong|standard|standard,768.494381792,9893.845050000002,0.055128,0.24000000000000002,0.25264032000000003,0.25264032000000003,9846.917050000002,9860.525296758402,9117.043300000001,9379.664082064,826.64925,5529.1719092232015,820.3212500000001,2704.0855147644806,2234.2034249931803,3052.5428385636515,5217.047330236327,3175.026580955601,0.0,0.0,0.0,0.0,0.0,True
protect|strong|standard|strong,440.44934943999993,9910.592900000001,0.016632,0.24000000000000002,0.24361152000000003,0.24361152000000003,9145.9554,9536.197765920002,856.5529,3693.42864923584,848.7325000000001,2272.6042888412803,848.7325000000001,1418.2812155365118,1190.8301198896293,1662.6221364628786,3072.671413642882,1560.6683944206397,0.0,0.0,0.0,0.0,0.0,True
protect|strong|standard|protect,2399.415093408,9874.97695,0.25108800000000003,0.05280000000000001,0.15831648000000004,0.15831648000000004,9823.456950000002,9841.972668144002,9354.15675,9619.86289851936,9337.1807,9483.066917830402,9082.3125,9278.741013408,4929.116757220294,5948.920151154375,7960.982121784834,9327.84814176,0.17608800000000002,0.0,0.0,0.0,176088.00000000003,False
protect|strong|strong|gentle,580.4071613824002,9900.9356,0.03348,0.24000000000000002,0.25264032000000003,0.25264032000000003,9398.3056,9777.738163840002,836.2108000000001,6574.145468838402,829.39,3704.3244302425605,829.39,1979.3637720970244,1693.577619360342,2360.7702744992757,4254.758732559031,2266.85721512128,0.0,0.0,0.0,0.0,0.0,True
protect|strong|strong|standard,440.44934943999993,9910.592900000001,0.016632,0.24000000000000002,0.24361152000000003,0.24361152000000003,9145.9554,9536.197765920002,856.5529,3693.42864923584,848.7325000000001,2272.6042888412803,848.7325000000001,1418.2812155365118,1190.8301198896293,1662.6221364628786,3072.671413642882,1560.6683944206397,0.0,0.0,0.0,0.0,0.0,True
protect|strong|strong|strong,878.3597129279999,9927.34075,0.004752,1.0,1.0,1.0,886.40475,5166.08058912,886.40475,1742.3399178239997,877.14375,1310.3967428015999,843.6995000000001,1049.59031543168,1150.2562124786425,1331.5082928538877,1931.12494157955,1093.7702464007998,0.0,0.7,0.64,0.64,1980000.0,False
protect|strong|strong|protect,1353.14548736,9891.7248,0.12021600000000002,0.24000000000000002,0.28189728000000003,0.28189728000000003,9847.4848,9860.045557350402,9357.76,9643.101990768639,9102.0,9426.961088256,806.84,4927.153014511616,3476.9218719041924,4485.431402113422,6808.072561123928,5957.231268139519,0.04521600000000002,0.0,0.0,0.0,45216.00000000002,False
protect|strong|protect|gentle,3121.9266353600005,9405.31965,0.3325200000000001,0.0,0.25108800000000003,0.25108800000000003,9373.039850000001,9383.004713216002,9347.27985,9361.6552110672,9334.08625,9351.300057362081,9314.0575,9333.2659270336,5695.611999323537,6589.754463270579,8208.205761090096,9338.068033792,0.2575200000000001,0.0,0.0,0.0,257520.0000000001,False
protect|strong|protect|standard,2399.415093408,9874.97695,0.25108800000000003,0.05280000000000001,0.15831648000000004,0.15831648000000004,9823.456950000002,9841.972668144002,9354.15675,9619.86289851936,9337.1807,9483.066917830402,9082.3125,9278.741013408,4929.116757220294,5948.920151154375,7960.982121784834,9327.84814176,0.17608800000000002,0.0,0.0,0.0,176088.00000000003,False
protect|strong|protect|strong,1353.14548736,9891.7248,0.12021600000000002,0.24000000000000002,0.28189728000000003,0.28189728000000003,9847.4848,9860.045557350402,9357.76,9643.101990768639,9102.0,9426.961088256,806.84,4927.153014511616,3476.9218719041924,4485.431402113422,6808.072561123928,5957.231268139519,0.04521600000000002,0.0,0.0,0.0,45216.00000000002,False
protect|strong|protect|protect,5804.960052000001,9396.10885,0.6290319999999999,0.0,0.3325200000000001,0.3325200000000001,9367.42425,9377.310077952003,9347.7021,9359.194409808,9331.9101,9348.3990833472,9319.0175,9333.523402208,7732.598851484351,8199.68333347435,8942.839451652857,9337.14987776,0.554032,0.0,0.0,0.0,554032.0,False
protect|protect|gentle|gentle,5873.375136000001,9389.3662,0.6290319999999999,0.0,0.6290319999999999,0.6290319999999999,9362.9622,9372.773084160002,9347.614,9357.279296703999,9329.761199999999,9345.6567009024,9321.210000000001,9332.743655347202,7781.819969373523,8237.08649273212,8958.115571284994,9335.627069184002,0.554032,0.0,0.26903199999999994,0.26903199999999994,1092096.0,False
protect|protect|gentle|standard,5805.970856000001,9399.0235,0.6290319999999999,0.0,0.3325200000000001,0.3325200000000001,9369.8391,9379.507680768,9348.6494,9360.620889824,9333.7975,9350.2104537712,9319.465000000002,9334.723816921602,7734.016846457278,8201.228523726262,8944.581493772488,9338.538521152,0.554032,0.0,0.0,0.0,554032.0,False
protect|protect|gentle|strong,3129.4518593600005,9415.77135,0.3325200000000001,0.0,0.25108800000000003,0.25108800000000003,9382.962350000002,9392.135064320002,9357.202350000001,9370.18390241376,9344.00875,9360.137290513121,9320.6725,9340.922392633602,5703.691695708279,6597.972095638113,8216.749164955283,9345.984865792001,0.2575200000000001,0.0,0.0,0.0,257520.0000000001,False
protect|protect|gentle|protect,9299.234224000005,9380.1554,1.0,0.0,1.0,1.0,9356.6116,9367.831365760001,9348.9788,9355.750757696,9328.6354,9344.244051520001,9323.2188,9333.013974144002,9316.584058940689,9323.696071485489,9339.478789095105,9335.42617644,0.925,0.0,0.64,0.64,2205000.0,False
protect|protect|standard|gentle,5805.970856000001,9399.0235,0.6290319999999999,0.0,0.3325200000000001,0.3325200000000001,9369.8391,9379.507680768,9348.6494,9360.620889824,9333.7975,9350.2104537712,9319.465000000002,9334.723816921602,7734.016846457278,8201.228523726262,8944.581493772488,9338.538521152,0.554032,0.0,0.0,0.0,554032.0,False
protect|protect|standard|standard,3124.308914880001,9408.680800000002,0.3325200000000001,0.0,0.25108800000000003,0.25108800000000003,9376.716,9386.242277376,9350.956,9364.93445338624,9338.300000000001,9354.84002045696,9317.720000000001,9336.703978496002,5698.596145972837,6592.852840160942,8211.47127262544,9341.449973120001,0.2575200000000001,0.0,0.0,0.0,257520.0000000001,False
protect|protect|standard|strong,2532.8532838079996,9885.42865,0.25108800000000003,0.24000000000000002,0.3313641600000001,0.3313641600000001,9844.10065,9855.5731882912,9808.51125,9828.724115487359,9354.5169,9641.838383249282,9088.9275,9363.278272608002,5093.134381168546,6113.360632345157,8105.721976865814,9431.865965760002,0.17608800000000002,0.0,0.0,0.0,176088.00000000003,False
protect|protect|standard|protect,9214.705064000002,9389.8127,1.0,0.0,0.6290319999999999,0.6290319999999999,9364.052700000002,9373.841171481601,9350.014200000001,9359.092350816,9331.481,9347.31838756544,9324.254200000001,9334.982035417599,9280.970660423318,9299.756064414994,9334.006480947244,9337.6554911648,0.925,0.0,0.26903199999999994,0.26903199999999994,1463064.0,False
protect|protect|strong|gentle,3129.4518593600005,9415.77135,0.3325200000000001,0.0,0.25108800000000003,0.25108800000000003,9382.962350000002,9392.135064320002,9357.202350000001,9370.18390241376,9344.00875,9360.137290513121,9320.6725,9340.922392633602,5703.691695708279,6597.972095638113,8216.749164955283,9345.984865792001,0.2575200000000001,0.0,0.0,0.0,257520.0000000001,False
protect|protect|strong|standard,2532.8532838079996,9885.42865,0.25108800000000003,0.24000000000000002,0.3313641600000001,0.3313641600000001,9844.10065,9855.5731882912,9808.51125,9828.724115487359,9354.5169,9641.838383249282,9088.9275,9363.278272608002,5093.134381168546,6113.360632345157,8105.721976865814,9431.865965760002,0.17608800000000002,0.0,0.0,0.0,176088.00000000003,False
protect|protect|strong|strong,1360.67071136,9902.1765,0.12021600000000002,0.24000000000000002,0.28189728000000003,0.28189728000000003,9857.9365,9870.283274272,9364.375,9651.914904851199,9108.615,9434.85448728,816.7625,4936.0770675372805,3485.0572319775997,4493.780097630944,6816.910182213487,5965.9057094216005,0.04521600000000002,0.0,0.0,0.0,45216.00000000002,False
protect|protect|strong|protect,5812.485276000001,9406.56055,0.6290319999999999,0.0,0.3325200000000001,0.3325200000000001,9377.34675,9386.440429056001,9354.846300000001,9367.056918067197,9341.61875,9357.20154004016,9325.6325,9341.195053247362,7738.918325766237,8204.713941145199,8948.814029526411,9345.0737450288,0.554032,0.0,0.0,0.0,554032.0,False
protect|protect|protect|gentle,9306.759448000003,9390.6071,1.0,0.0,1.0,1.0,9364.847099999999,9376.607635584001,9356.123,9363.591850592,9337.4666,9351.983900873598,9330.363,9340.668136665601,9324.597362267945,9331.770325393176,9347.79207885343,9343.123843984,0.925,0.0,0.64,0.64,2205000.0,False
protect|protect|protect|standard,9222.230288,9400.2644,1.0,0.0,0.6290319999999999,0.6290319999999999,9374.146,9382.943396608001,9357.1584,9366.933443712,9341.330000000002,9356.11193644928,9331.04,9342.637757696,9288.841718538326,9307.613149625784,9342.34067876887,9345.53719712,0.925,0.0,0.26903199999999994,0.26903199999999994,1463064.0,False
protect|protect|protect|strong,5820.0105,9417.01225,0.6290319999999999,0.0,0.3325200000000001,0.3325200000000001,9387.269250000001,9395.57078016,9361.9905,9375.2626509312,9351.54125,9366.038773191201,9332.2475,9349.110081733763,7746.985799134158,8212.904535629914,8957.300388141999,9353.110366740802,0.554032,0.0,0.0,0.0,554032.0,False
protect|protect|protect|protect,9316.109120000003,9391.848,1.0,0.0,1.0,1.0,9371.576000000001,9381.209254400002,9364.632,9369.904404480001,9344.36,9358.7850176,9338.872,9348.595420672002,9332.33681805212,9339.022659414031,9353.777189306085,9351.02627584,0.925,0.0,0.64,0.64,2205000.0,False
