H,A,S,alpha,scenario_entropy,budget_scale,noise,regime,feasible_fraction,oracle_feasible,best_mean_or_least_violation_mean,least_violation
5,4,24,0.2,0.7424849898523593,0.0,0.2,stress_unobservable,0.0,True,162.41914174735714,0.9095243627481928
5,4,24,0.2,0.6055982169964337,0.0,0.2,stress_unobservable,0.0,True,133.8546116892592,0.7732875991591366
5,4,24,0.2,0.65842693220554,0.0,0.2,stress_unobservable,0.0,True,118.08664270838491,0.8935810249986652
5,4,24,0.2,0.6950767927224039,0.0,0.2,stress_unobservable,0.0,True,119.88841637775616,0.6884442659778806
5,4,24,0.2,0.6414640826085017,0.0,0.2,stress_unobservable,0.0,True,191.3894868631608,0.9049071505462749
5,4,24,0.2,0.6228952417314079,0.0,0.2,stress_unobservable,0.0,True,165.0060244663748,0.8226852880568235
5,4,24,0.2,0.7653953909788632,0.0,0.2,stress_unobservable,0.0,True,150.84943540147208,0.9418469715352518
5,4,24,0.2,0.5554844281874712,0.0,0.2,stress_unobservable,0.0,True,139.6563005741371,0.5833263838827198
5,4,24,0.2,0.5689288716834342,0.0,0.2,stress_unobservable,0.0,True,135.1606451962047,0.7829995152086635
5,4,24,0.2,0.6931824358275877,0.0,0.2,stress_unobservable,0.0,True,178.52584144932845,0.9679958437089511
5,4,24,0.2,0.5533554842102041,0.0,0.2,stress_unobservable,0.0,True,105.27458836953272,0.5264424916108496
5,4,24,0.2,0.3936266290974277,0.0,0.2,stress_unobservable,0.0,True,110.92069505887513,0.5484574591008163
5,4,24,0.2,0.6326158294849499,0.0,0.2,stress_unobservable,0.0,True,110.44843085826895,0.7312112564973897
5,4,24,0.2,0.6402129594523973,0.0,0.2,stress_unobservable,0.0,True,166.997226477312,0.9873508025803128
5,4,24,0.2,0.6415700494742098,0.0,0.2,stress_unobservable,0.0,True,117.38094337463696,0.8195175084844093
5,4,24,0.2,0.5443888023588291,0.0,0.2,stress_unobservable,0.0,True,129.56411359925855,0.7421275114742949
5,4,24,0.2,0.6916693194441532,0.0,0.2,stress_unobservable,0.0,True,166.54495801848466,0.8676293629998055
5,4,24,0.2,0.6821292960141955,0.0,0.2,stress_unobservable,0.0,True,159.40456824197872,0.7882619089079858
5,4,24,0.2,0.5015285320521573,0.0,0.2,stress_unobservable,0.0,True,131.63134081217964,0.8040558231180461
5,4,24,0.2,0.5043620402783959,0.0,0.2,stress_unobservable,0.0,True,115.62993011302672,0.5885695183839601
5,4,24,0.2,0.5034687490065981,0.0,0.2,stress_unobservable,0.0,True,118.15381772490974,0.4506720452060706
5,4,24,0.2,0.6597872526284224,0.0,0.2,stress_unobservable,0.0,True,161.67923608319077,0.9254492798545993
5,4,24,0.2,0.5098998116929938,0.0,0.2,stress_unobservable,0.0,True,86.1195253799888,0.44257164249385583
5,4,24,0.2,0.7095502003863015,0.0,0.2,stress_unobservable,0.0,True,144.51629998751218,0.8780020106446476
5,4,24,0.2,0.5268589855052298,0.0,0.2,stress_unobservable,0.0,True,113.84058422267941,0.7237651379628689
5,4,24,0.2,0.711179176555225,0.0,0.2,stress_unobservable,0.0,True,180.12581930184624,1.0500422378449725
5,4,24,0.2,0.5794245887038091,0.0,0.2,stress_unobservable,0.0,True,129.77652688564223,0.6839331997370343
5,4,24,0.2,0.49928272635257154,0.0,0.2,stress_unobservable,0.0,True,74.37654973203877,0.5796597712151843
5,4,24,0.2,0.7116026064475114,0.0,0.2,stress_unobservable,0.0,True,166.43248361376095,1.0140570926433654
5,4,24,0.2,0.6510353889845913,0.0,0.2,stress_unobservable,0.0,True,178.7215637661575,0.8289101400833243
5,4,24,0.2,0.42821839666676526,0.0,0.2,stress_unobservable,0.0,True,72.33933600641957,0.4627026382251467
5,4,24,0.2,0.6843451529320567,0.0,0.2,stress_unobservable,0.0,True,179.72031105315727,0.9486217396074448
5,4,24,0.2,0.6282248822149946,0.0,0.2,stress_unobservable,0.0,True,118.8660055180512,0.7827172138159316
5,4,24,0.2,0.7513363724786593,0.0,0.2,stress_unobservable,0.0,True,165.6435425783286,1.0008790091110886
5,4,24,0.2,0.3762629021860088,0.0,0.2,stress_unobservable,0.0,True,60.99989954039043,0.41420124463854757
5,4,24,0.2,0.6190977619696716,0.0,0.2,stress_unobservable,0.0,True,86.1932192155501,0.6914612160904565
5,4,24,0.2,0.6302304941989809,0.0,0.2,stress_unobservable,0.0,True,110.53509311608286,0.9834817653383829
5,4,24,0.2,0.6430253619390983,0.0,0.2,stress_unobservable,0.0,True,126.88217770894657,0.8402292949807785
5,4,24,0.2,0.4882673156112236,0.0,0.2,stress_unobservable,0.0,True,117.93446986224961,0.7252339944042299
5,4,24,0.2,0.5958642657240371,0.0,0.2,stress_unobservable,0.0,True,135.48789620804402,0.8429770628896216
5,4,24,0.2,0.7608530602300307,0.0,0.2,stress_unobservable,0.0,True,168.9560903398538,0.9785707330665065
5,4,24,0.2,0.6644302584124198,0.0,0.2,stress_unobservable,0.0,True,164.82975940496857,1.0949863238484032
5,4,24,0.2,0.602259305412548,0.0,0.2,stress_unobservable,0.0,True,111.84811628040288,0.8480799002067678
5,4,24,0.2,0.53768803215407,0.0,0.2,stress_unobservable,0.0,True,107.99951522205934,0.6393601064803075
5,4,24,0.2,0.6181554201716994,0.0,0.2,stress_unobservable,0.0,True,165.52638951983084,0.8186261636318584
5,4,24,0.2,0.6233427381949022,0.0,0.2,stress_unobservable,0.0,True,181.20651620750994,0.8397709469015977
5,4,24,0.2,0.6335993794243601,0.0,0.2,stress_unobservable,0.0,True,225.43194984241467,1.1393924927766803
5,4,24,0.2,0.6463412140713701,0.0,0.2,stress_unobservable,0.0,True,142.77668930282644,0.6855166859470079
5,4,24,0.2,0.550896059736239,0.0,0.2,stress_unobservable,0.0,True,152.17177534678137,0.6647641551633477
5,4,24,0.2,0.6129303941019957,0.0,0.2,stress_unobservable,0.0,True,161.5762082765229,0.8156990482068573
5,4,24,0.2,0.6631271594190672,0.5,0.2,stress_unobservable,0.0,True,118.40327687911193,0.5546154831482336
5,4,24,0.2,0.5073689886360365,0.5,0.2,stress_unobservable,0.0,True,101.93869228722542,0.3605563224308024
5,4,24,0.2,0.3522617878036928,0.5,0.2,stress_unobservable,0.0,True,77.57838441484277,0.036780032034106874
5,4,24,0.2,0.7277321912877532,0.5,0.2,stress_unobservable,0.0,True,157.2783335954504,0.5924073458661054
5,4,24,0.2,0.6608898622177036,0.5,0.2,stress_unobservable,0.0,True,169.6616600679937,0.7163616332034535
5,4,24,0.2,0.7159413818417087,0.5,0.2,stress_unobservable,0.0,True,163.01664027431593,0.6092301956104391
5,4,24,0.2,0.6777319073396448,0.5,0.2,stress_unobservable,0.0,True,137.82993797737225,0.5838085695196794
5,4,24,0.2,0.7004098450600361,0.5,0.2,stress_unobservable,0.0,True,167.84543851091624,0.5593139559717473
5,4,24,0.2,0.7187245488857961,0.5,0.2,stress_unobservable,0.0,True,182.37817341869209,0.71751094782675
5,4,24,0.2,0.716581108307895,0.5,0.2,stress_unobservable,0.0,True,201.77399287134085,0.7215051373995042
5,4,24,0.2,0.42306620493237407,0.5,0.2,stress_unobservable,0.0,True,110.265851149582,0.06984768322203347
5,4,24,0.2,0.711141814728461,0.5,0.2,stress_unobservable,0.0,True,164.07840506060248,0.6426115897962694
5,4,24,0.2,0.5173973782600967,0.5,0.2,stress_unobservable,0.0,True,154.65606840557797,0.36747032521134504
5,4,24,0.2,0.651272985158151,0.5,0.2,stress_unobservable,0.0,True,177.28159427360612,0.7417973888761432
5,4,24,0.2,0.46829332119024286,0.5,0.2,stress_unobservable,0.0,True,92.2436637842036,0.23320003343840293
5,4,24,0.2,0.6215748462368007,0.5,0.2,stress_unobservable,0.0,True,150.73851630786416,0.4488392967092312
5,4,24,0.2,0.5838969281796871,0.5,0.2,stress_unobservable,0.0,True,167.0109732920017,0.4672884830063829
5,4,24,0.2,0.58451451314059,0.5,0.2,stress_unobservable,0.0,True,120.60460871742974,0.560888419160345
5,4,24,0.2,0.5745691213369001,0.5,0.2,stress_unobservable,0.0,True,156.96967191224195,0.4675655232209216
5,4,24,0.2,0.7245401505517683,0.5,0.2,stress_unobservable,0.0,True,179.28784865563722,0.7835972486827272
5,4,24,0.2,0.619751911773413,0.5,0.2,stress_unobservable,0.0,True,176.73703681342096,0.6290995276393025
5,4,24,0.2,0.6852822849696986,0.5,0.2,stress_unobservable,0.0,True,138.2493099544984,0.5506714929760591
5,4,24,0.2,0.6473018617903509,0.5,0.2,stress_unobservable,0.0,True,148.07005652706613,0.5449289868768337
5,4,24,0.2,0.6188656758139652,0.5,0.2,stress_unobservable,0.0,True,108.20226894013075,0.3966914804729894
5,4,24,0.2,0.6496893415420333,0.5,0.2,stress_unobservable,0.0,True,132.18910241741025,0.5480300235942023
5,4,24,0.2,0.6217229884851012,0.5,0.2,stress_unobservable,0.0,True,103.29119575702359,0.22442833521377634
5,4,24,0.2,0.6897853950720333,0.5,0.2,stress_unobservable,0.0,True,125.95548596350692,0.6179266912824877
5,4,24,0.2,0.6859869778053375,0.5,0.2,stress_unobservable,0.0,True,190.42296185195522,0.4969651517361853
5,4,24,0.2,0.4991440745031924,0.5,0.2,stress_unobservable,0.0,True,120.86879796684525,0.20049787959517265
5,4,24,0.2,0.5851562825865992,0.5,0.2,stress_unobservable,0.0,True,159.67126670887416,0.5543452395699108
5,4,24,0.2,0.5892416492750188,0.5,0.2,stress_unobservable,0.0,True,163.7209930735832,0.7271891746013701
5,4,24,0.2,0.683944450179476,0.5,0.2,stress_unobservable,0.0,True,197.53437341032105,0.7363019551653089
5,4,24,0.2,0.5656079171612968,0.5,0.2,stress_unobservable,0.0,True,148.43648140428283,0.6579464264720339
5,4,24,0.2,0.6007116855713259,0.5,0.2,stress_unobservable,0.0,True,160.62910275049884,0.47005716854283563
5,4,24,0.2,0.7153192348885665,0.5,0.2,stress_unobservable,0.0,True,159.81271823889804,0.6074833666938566
5,4,24,0.2,0.727213486612678,0.5,0.2,stress_unobservable,0.0,True,136.19464830330242,0.615107813225535
5,4,24,0.2,0.5468502455488042,0.5,0.2,stress_unobservable,0.0,True,150.37579963389743,0.326816433250654
5,4,24,0.2,0.6987503392891967,0.5,0.2,stress_unobservable,0.0,True,154.35328995625088,0.7485391236341993
5,4,24,0.2,0.679757951901813,0.5,0.2,stress_unobservable,0.0,True,187.50503032167296,0.4518575727342111
5,4,24,0.2,0.6974121772779942,0.5,0.2,stress_unobservable,0.0,True,172.80369694359325,0.7440672755566579
5,4,24,0.2,0.5688001709984566,0.5,0.2,stress_unobservable,0.0,True,173.4587911920151,0.40559007412554166
5,4,24,0.2,0.7449742831554729,0.5,0.2,stress_unobservable,0.0,True,181.74468424950766,0.7376973607185331
5,4,24,0.2,0.56631627218484,0.5,0.2,stress_unobservable,0.0,True,148.53958834618555,0.6080057760647682
5,4,24,0.2,0.7086601020408597,0.5,0.2,stress_unobservable,0.0,True,197.4801716777323,0.744930031828157
5,4,24,0.2,0.676115956672536,0.5,0.2,stress_unobservable,0.0,True,122.98772251226264,0.5057740110061928
5,4,24,0.2,0.6683808340098502,0.5,0.2,stress_unobservable,0.0,True,153.1002274746573,0.5759192965799566
5,4,24,0.2,0.5626902181936663,0.5,0.2,stress_unobservable,0.0,True,102.00424599487087,0.38797825212448833
5,4,24,0.2,0.5748469075490844,0.5,0.2,stress_unobservable,0.0,True,118.32476671823048,0.5595922103612573
5,4,24,0.2,0.5731227945898292,0.5,0.2,stress_unobservable,0.0,True,148.65624732687633,0.45476918851828285
5,4,24,0.2,0.7048764731040476,0.5,0.2,stress_unobservable,0.0,True,142.5311818618431,0.6076695094002839
5,4,24,0.2,0.6454122548082913,1.0,0.2,stress_unobservable,0.0,True,118.90764851624465,0.24750390364537628
5,4,24,0.2,0.4737942178698161,1.0,0.2,feasible_hard,0.01171875,True,74.40560020802016,0.0
5,4,24,0.2,0.4572769650402025,1.0,0.2,feasible_hard,0.0009765625,True,115.28873649593999,0.0
5,4,24,0.2,0.6225671644044087,1.0,0.2,stress_unobservable,0.0,True,150.2924778900449,0.25174396504804053
5,4,24,0.2,0.3646447801530114,1.0,0.2,feasible_hard,0.0029296875,True,86.09653078531478,0.0
5,4,24,0.2,0.5387564912453251,1.0,0.2,feasible_hard,0.0009765625,True,130.0155190852668,0.0
5,4,24,0.2,0.6317022225675527,1.0,0.2,stress_unobservable,0.0,True,165.51356675796356,0.3341292524966978
5,4,24,0.2,0.5560743875377,1.0,0.2,stress_unobservable,0.0,True,151.7759367680132,0.10113956185585446
5,4,24,0.2,0.536891555873753,1.0,0.2,feasible_hard,0.001953125,True,116.28645657144995,0.0
5,4,24,0.2,0.6071263166829379,1.0,0.2,stress_unobservable,0.0,True,162.58010362517632,0.21137605265749732
5,4,24,0.2,0.5930996635894992,1.0,0.2,stress_unobservable,0.0,True,129.44020910613523,0.3330922527340128
5,4,24,0.2,0.7143267484974561,1.0,0.2,stress_unobservable,0.0,True,152.33854714772565,0.2869057135081589
5,4,24,0.2,0.5614458031950228,1.0,0.2,stress_unobservable,0.0,True,133.64367564209442,0.24381997539406244
5,4,24,0.2,0.7417250233244826,1.0,0.2,stress_unobservable,0.0,True,191.42851576709145,0.49451697484308593
5,4,24,0.2,0.5896962059494774,1.0,0.2,stress_unobservable,0.0,True,157.4081186485597,0.23521095733327646
5,4,24,0.2,0.5957281090334542,1.0,0.2,stress_unobservable,0.0,True,132.31133060817132,0.2662118357674116
5,4,24,0.2,0.36828959497716357,1.0,0.2,feasible_hard,0.0048828125,True,89.70286716960568,0.0
5,4,24,0.2,0.6857478804374845,1.0,0.2,stress_unobservable,0.0,True,139.64157080223944,0.2839728424144743
5,4,24,0.2,0.4990470875583208,1.0,0.2,feasible_hard,0.0029296875,True,109.50339472327283,0.0
5,4,24,0.2,0.6626077100921713,1.0,0.2,stress_unobservable,0.0,True,142.82781897547284,0.30523399911436405
5,4,24,0.2,0.6189069825789797,1.0,0.2,stress_unobservable,0.0,True,160.44569434709223,0.36175276723015026
5,4,24,0.2,0.6563750089843029,1.0,0.2,stress_unobservable,0.0,True,179.268556760064,0.36728042415695406
5,4,24,0.2,0.5865351265107809,1.0,0.2,stress_unobservable,0.0,True,163.44541250870918,0.1599450923223572
5,4,24,0.2,0.5838017627895109,1.0,0.2,stress_unobservable,0.0,True,115.12574988426461,0.06589958202339624
5,4,24,0.2,0.5862549911022762,1.0,0.2,stress_unobservable,0.0,True,150.60544315297594,0.12452815752988217
5,4,24,0.2,0.6401700316106042,1.0,0.2,stress_unobservable,0.0,True,179.57970704672553,0.062380788570277346
5,4,24,0.2,0.620214933340466,1.0,0.2,stress_unobservable,0.0,True,154.1307204149904,0.31117412131591826
5,4,24,0.2,0.5880895305180067,1.0,0.2,stress_unobservable,0.0,True,156.31633242067295,0.190151761784001
5,4,24,0.2,0.67100809128384,1.0,0.2,stress_unobservable,0.0,True,169.81990994078564,0.30449134499551156
5,4,24,0.2,0.54858357160278,1.0,0.2,stress_unobservable,0.0,True,97.07638714289249,0.11804546854151837
5,4,24,0.2,0.7705462114560033,1.0,0.2,stress_unobservable,0.0,True,176.6671391283761,0.3704259134675974
5,4,24,0.2,0.6480817215519673,1.0,0.2,stress_unobservable,0.0,True,171.9605651605497,0.34676756128331515
5,4,24,0.2,0.6536971377546776,1.0,0.2,stress_unobservable,0.0,True,158.4163729839779,0.2536892085961462
5,4,24,0.2,0.6256941394632711,1.0,0.2,stress_unobservable,0.0,True,149.89443464493797,0.25671639172337385
5,4,24,0.2,0.6585727613018476,1.0,0.2,stress_unobservable,0.0,True,186.2100875710157,0.20123580342403843
5,4,24,0.2,0.643805406308477,1.0,0.2,stress_unobservable,0.0,True,128.09237062292908,0.14141851232968528
5,4,24,0.2,0.511136639594332,1.0,0.2,feasible_hard,0.0009765625,True,144.0302529669229,0.0
5,4,24,0.2,0.592354169722698,1.0,0.2,stress_unobservable,0.0,True,131.97771708701802,0.1664285894173982
5,4,24,0.2,0.49934475544606677,1.0,0.2,stress_unobservable,0.0,True,140.12055906391132,0.01041220080871677
5,4,24,0.2,0.4416079626424054,1.0,0.2,feasible_hard,0.017578125,True,69.94656032451536,0.0
5,4,24,0.2,0.527763369731253,1.0,0.2,stress_unobservable,0.0,True,138.48610846172954,0.06841320181607419
5,4,24,0.2,0.47921640288373973,1.0,0.2,stress_unobservable,0.0,True,115.8562144701238,0.0179891594906596
5,4,24,0.2,0.6792262280017654,1.0,0.2,stress_unobservable,0.0,True,200.5808592177589,0.19154976412557995
5,4,24,0.2,0.6284298429704803,1.0,0.2,stress_unobservable,0.0,True,122.95858228712972,0.24278499770797912
5,4,24,0.2,0.6069604764020676,1.0,0.2,stress_unobservable,0.0,True,130.3042813368608,0.22893167108901713
5,4,24,0.2,0.6144130278886653,1.0,0.2,stress_unobservable,0.0,True,120.7755792048186,0.23438583839603483
5,4,24,0.2,0.7216625108562184,1.0,0.2,stress_unobservable,0.0,True,151.20603297046537,0.3030429624994136
5,4,24,0.2,0.3158375770439541,1.0,0.2,feasible_hard,0.005859375,True,77.1034409760949,0.0
5,4,24,0.2,0.7349121929639212,1.0,0.2,stress_unobservable,0.0,True,243.64851086100057,0.5191771623224568
5,4,24,0.2,0.6582450695167014,1.0,0.2,stress_unobservable,0.0,True,183.41387816892285,0.19085007030235002
5,4,24,0.2,0.49751200952768265,1.5,0.2,feasible_hard,0.0048828125,True,174.0085323722299,0.0
5,4,24,0.2,0.3560363635636317,1.5,0.2,feasible_hard,0.0126953125,True,56.07426452959125,0.0
5,4,24,0.2,0.6080148072462764,1.5,0.2,stress_unobservable,0.0,True,156.60765105653786,0.05259222858027757
5,4,24,0.2,0.47763567155985603,1.5,0.2,feasible_hard,0.0087890625,True,92.20487137548932,0.0
5,4,24,0.2,0.6035863850021971,1.5,0.2,feasible_hard,0.0048828125,True,160.0843441023329,0.0
5,4,24,0.2,0.6544557008422606,1.5,0.2,stress_unobservable,0.0,True,118.81394782628243,0.058125888373772305
5,4,24,0.2,0.5718605797623023,1.5,0.2,feasible_hard,0.005859375,True,123.63401347801923,0.0
5,4,24,0.2,0.6080008139779007,1.5,0.2,stress_unobservable,0.0,True,165.00818980064673,0.040701085151898075
5,4,24,0.2,0.5671253035020021,1.5,0.2,feasible_hard,0.0107421875,True,106.79733288564793,0.0
5,4,24,0.2,0.5053557703978221,1.5,0.2,feasible_hard,0.001953125,True,109.59817998158081,0.0
5,4,24,0.2,0.6167951189563774,1.5,0.2,feasible_hard,0.0009765625,True,227.897403100439,0.0
5,4,24,0.2,0.5699683100384666,1.5,0.2,feasible_hard,0.0068359375,True,82.71265180088743,0.0
5,4,24,0.2,0.6198824118197201,1.5,0.2,feasible_hard,0.0126953125,True,167.8435727221204,0.0
5,4,24,0.2,0.4872060009654015,1.5,0.2,feasible_hard,0.01953125,True,116.8828885981917,0.0
5,4,24,0.2,0.37912993241323323,1.5,0.2,feasible_hard,0.0205078125,True,105.77154888586642,0.0
5,4,24,0.2,0.6048487250752705,1.5,0.2,feasible_hard,0.0009765625,True,132.78512790932942,0.0
5,4,24,0.2,0.7078377394473659,1.5,0.2,stress_unobservable,0.0,True,208.60303130952775,0.1202892859120619
5,4,24,0.2,0.6366098196581037,1.5,0.2,feasible_hard,0.0078125,True,174.11923350618014,0.0
5,4,24,0.2,0.6361501272839881,1.5,0.2,feasible_hard,0.001953125,True,201.24208917766543,0.0
5,4,24,0.2,0.6533764934951708,1.5,0.2,feasible_hard,0.005859375,True,157.13244901442945,0.0
5,4,24,0.2,0.6609932997435,1.5,0.2,stress_unobservable,0.0,True,113.20729232335752,0.0018020061370389584
5,4,24,0.2,0.5157297328214997,1.5,0.2,feasible_hard,0.01171875,True,135.6731846373869,0.0
5,4,24,0.2,0.6276539712258984,1.5,0.2,feasible_hard,0.0009765625,True,222.71145860092548,0.0
5,4,24,0.2,0.5740476750237625,1.5,0.2,feasible_hard,0.009765625,True,175.60805662168542,0.0
5,4,24,0.2,0.7008488603420988,1.5,0.2,stress_unobservable,0.0,True,179.35770028702973,0.12946881186602244
5,4,24,0.2,0.543466050391329,1.5,0.2,feasible_hard,0.001953125,True,139.95194945559308,0.0
5,4,24,0.2,0.6209423568938829,1.5,0.2,stress_unobservable,0.0,True,160.68065762992694,0.04839165967754655
5,4,24,0.2,0.480562376083602,1.5,0.2,feasible_hard,0.00390625,True,152.35493939708226,0.0
5,4,24,0.2,0.6060960871017093,1.5,0.2,feasible_hard,0.0048828125,True,178.12775950138,0.0
5,4,24,0.2,0.5588083571770037,1.5,0.2,feasible_hard,0.00390625,True,55.12735795420084,0.0
5,4,24,0.2,0.5348315114792501,1.5,0.2,feasible_hard,0.005859375,True,76.28487647677849,0.0
5,4,24,0.2,0.668819023120437,1.5,0.2,feasible_hard,0.0009765625,True,210.38986647898489,0.0
5,4,24,0.2,0.7305136058507846,1.5,0.2,stress_unobservable,0.0,True,197.5824691506558,0.08092714420061675
5,4,24,0.2,0.6397525142104449,1.5,0.2,feasible_hard,0.0009765625,True,218.53422027306445,0.0
5,4,24,0.2,0.6995593422582871,1.5,0.2,stress_unobservable,0.0,True,185.30353655138953,0.10417900714268402
5,4,24,0.2,0.5676637709650633,1.5,0.2,feasible_hard,0.005859375,True,163.8191688822128,0.0
5,4,24,0.2,0.7477377949164618,1.5,0.2,stress_unobservable,0.0,True,152.53287760893912,0.050417049672903724
5,4,24,0.2,0.6172421243796699,1.5,0.2,stress_unobservable,0.0,True,138.567959459619,0.02386247035911815
5,4,24,0.2,0.5829425777945684,1.5,0.2,stress_unobservable,0.0,True,140.3491910998058,0.006351367334209601
5,4,24,0.2,0.6715341666581869,1.5,0.2,feasible_hard,0.0009765625,True,222.82438568133657,0.0
5,4,24,0.2,0.5816984439751127,1.5,0.2,feasible_hard,0.0009765625,True,212.2809662983673,0.0
5,4,24,0.2,0.48039997809586643,1.5,0.2,feasible_hard,0.0029296875,True,200.14684208997323,0.0
5,4,24,0.2,0.5471352512698768,1.5,0.2,feasible_hard,0.0078125,True,165.66803326981454,0.0
5,4,24,0.2,0.7044737482820127,1.5,0.2,feasible_hard,0.0009765625,True,183.1648147635604,0.0
5,4,24,0.2,0.6275260356539979,1.5,0.2,stress_unobservable,0.0,True,218.61569701585165,0.0117511998415748
5,4,24,0.2,0.6472173540462111,1.5,0.2,feasible_hard,0.0009765625,True,197.90041584467747,0.0
5,4,24,0.2,0.5448464959451877,1.5,0.2,feasible_hard,0.0029296875,True,179.49411797004595,0.0
5,4,24,0.2,0.6710761203678792,1.5,0.2,feasible_hard,0.00390625,True,108.02005783398639,0.0
5,4,24,0.2,0.6050523654534353,1.5,0.2,stress_unobservable,0.0,True,188.5695996871488,0.02107746357041812
5,4,24,0.2,0.5466579704183894,1.5,0.2,stress_unobservable,0.0,True,171.07393249291403,0.011712831647460342
5,4,24,0.2,0.47928427673325213,2.0,0.2,feasible_hard,0.01953125,True,115.88769750347359,0.0
5,4,24,0.2,0.6724828610611528,2.0,0.2,feasible_hard,0.0458984375,True,127.861278181429,0.0
5,4,24,0.2,0.5248360344643904,2.0,0.2,feasible_hard,0.0234375,True,138.9135201145744,0.0
5,4,24,0.2,0.5435837055123659,2.0,0.2,feasible_hard,0.0224609375,True,176.20512557340015,0.0
5,4,24,0.2,0.5558229513095105,2.0,0.2,feasible_hard,0.0107421875,True,226.29850152538825,0.0
5,4,24,0.2,0.6458207104433047,2.0,0.2,feasible_hard,0.001953125,True,273.1662235366679,0.0
5,4,24,0.2,0.5154096198708082,2.0,0.2,feasible_hard,0.029296875,True,120.13327177582032,0.0
5,4,24,0.2,0.6368282116849094,2.0,0.2,feasible_hard,0.0146484375,True,190.62352051735152,0.0
5,4,24,0.2,0.5927719236870272,2.0,0.2,feasible_hard,0.01953125,True,145.99237414532394,0.0
5,4,24,0.2,0.5205388018348485,2.0,0.2,feasible_hard,0.033203125,True,117.16230843590878,0.0
5,4,24,0.2,0.5645797177105931,2.0,0.2,feasible_hard,0.0185546875,True,131.81940675098988,0.0
5,4,24,0.2,0.6554279570836813,2.0,0.2,feasible_hard,0.025390625,True,170.0516344209212,0.0
5,4,24,0.2,0.7639643046229103,2.0,0.2,feasible_hard,0.005859375,True,257.2783257329905,0.0
5,4,24,0.2,0.5041640065782066,2.0,0.2,stress_unobservable,0.0,True,156.63417869002996,0.048348039837862844
5,4,24,0.2,0.6333665305934462,2.0,0.2,feasible_hard,0.021484375,True,191.83303730896552,0.0
5,4,24,0.2,0.4336564083126965,2.0,0.2,feasible_hard,0.041015625,True,105.16694963844093,0.0
5,4,24,0.2,0.5388893247933134,2.0,0.2,feasible_hard,0.0283203125,True,130.44059180539497,0.0
5,4,24,0.2,0.6556111014963755,2.0,0.2,feasible_hard,0.0234375,True,192.67796193450462,0.0
5,4,24,0.2,0.5109791072833316,2.0,0.2,feasible_hard,0.048828125,True,95.13434077395192,0.0
5,4,24,0.2,0.38318918011894226,2.0,0.2,feasible_hard,0.01953125,True,233.10947139108478,0.0
5,4,24,0.2,0.7233652171001229,2.0,0.2,feasible_hard,0.0048828125,True,212.78349668365178,0.0
5,4,24,0.2,0.589893011030846,2.0,0.2,feasible_hard,0.0224609375,True,113.7407264077996,0.0
5,4,24,0.2,0.698260017980181,2.0,0.2,feasible_hard,0.0087890625,True,257.9454665845374,0.0
5,4,24,0.2,0.7024028164736985,2.0,0.2,feasible_hard,0.013671875,True,147.21295608367737,0.0
5,4,24,0.2,0.3856960375048446,2.0,0.2,feasible_hard,0.02734375,True,80.9992372394157,0.0
5,4,24,0.2,0.7065823734747309,2.0,0.2,feasible_hard,0.0087890625,True,203.34874789301455,0.0
5,4,24,0.2,0.553391867918189,2.0,0.2,feasible_hard,0.0302734375,True,124.34146246383445,0.0
5,4,24,0.2,0.5750310581227676,2.0,0.2,feasible_hard,0.0087890625,True,218.60177925721064,0.0
5,4,24,0.2,0.6423039007041418,2.0,0.2,feasible_hard,0.041015625,True,176.19425694116205,0.0
5,4,24,0.2,0.505594225400557,2.0,0.2,feasible_hard,0.0234375,True,107.4258118517111,0.0
5,4,24,0.2,0.3631406822850104,2.0,0.2,feasible_hard,0.0263671875,True,97.37467016445953,0.0
5,4,24,0.2,0.5779865894812851,2.0,0.2,feasible_hard,0.0322265625,True,161.16915286322563,0.0
5,4,24,0.2,0.8085307846279072,2.0,0.2,feasible_hard,0.01171875,True,228.30580844561968,0.0
5,4,24,0.2,0.5808638614035277,2.0,0.2,feasible_hard,0.033203125,True,174.30213858771296,0.0
5,4,24,0.2,0.5151366472287686,2.0,0.2,feasible_hard,0.03515625,True,65.90005940477928,0.0
5,4,24,0.2,0.6922424519527227,2.0,0.2,feasible_hard,0.01171875,True,215.625965789582,0.0
5,4,24,0.2,0.6105455098902793,2.0,0.2,feasible_hard,0.013671875,True,182.81870445932879,0.0
5,4,24,0.2,0.6317226373708638,2.0,0.2,feasible_hard,0.029296875,True,180.09593817310673,0.0
5,4,24,0.2,0.6343394021722698,2.0,0.2,feasible_hard,0.041015625,True,131.72507794079314,0.0
5,4,24,0.2,0.7391219148567637,2.0,0.2,feasible_hard,0.009765625,True,177.08657418324174,0.0
5,4,24,0.2,0.4836375326468456,2.0,0.2,feasible_hard,0.017578125,True,139.8781872874011,0.0
5,4,24,0.2,0.6014448846029449,2.0,0.2,feasible_hard,0.01171875,True,129.54990203324417,0.0
5,4,24,0.2,0.6293801574999562,2.0,0.2,feasible_hard,0.013671875,True,195.53850829555574,0.0
5,4,24,0.2,0.5405122660235242,2.0,0.2,feasible_hard,0.037109375,True,132.8422929275268,0.0
5,4,24,0.2,0.706385912846588,2.0,0.2,feasible_hard,0.009765625,True,190.69284366701606,0.0
5,4,24,0.2,0.7637338094508913,2.0,0.2,feasible_hard,0.0087890625,True,255.63738403806076,0.0
5,4,24,0.2,0.6565329898113159,2.0,0.2,feasible_hard,0.0068359375,True,208.55246135110366,0.0
5,4,24,0.2,0.6339518767470304,2.0,0.2,feasible_hard,0.0146484375,True,157.51280838104321,0.0
5,4,24,0.2,0.6437246328629616,2.0,0.2,feasible_hard,0.0146484375,True,134.2660775257434,0.0
5,4,24,0.2,0.6540846031286703,2.0,0.2,feasible_hard,0.044921875,True,119.44911865169355,0.0
5,4,24,1.0,0.9065348908541622,0.0,0.2,stress_unobservable,0.0,True,207.27894431909985,1.0554911691255966
5,4,24,1.0,0.8732876816988663,0.0,0.2,stress_unobservable,0.0,True,235.7376952902786,1.1389000233780964
5,4,24,1.0,0.8830629789809685,0.0,0.2,stress_unobservable,0.0,True,212.78203710121255,1.1142391337245885
5,4,24,1.0,0.8650817641815759,0.0,0.2,stress_unobservable,0.0,True,228.7537771436758,1.0694452674425188
5,4,24,1.0,0.8962594798809413,0.0,0.2,stress_unobservable,0.0,True,253.5269566709399,1.0892324591822897
5,4,24,1.0,0.8929828067261508,0.0,0.2,stress_unobservable,0.0,True,271.2482588350176,1.271488884116988
5,4,24,1.0,0.8972318023492932,0.0,0.2,stress_unobservable,0.0,True,230.72302057614058,1.1072643925299188
5,4,24,1.0,0.8696613948771147,0.0,0.2,stress_unobservable,0.0,True,249.96544609700686,1.1877624583759219
5,4,24,1.0,0.8873359083006679,0.0,0.2,stress_unobservable,0.0,True,231.28333789505615,1.1890842310039442
5,4,24,1.0,0.8543219404973714,0.0,0.2,stress_unobservable,0.0,True,217.28648002745862,1.1161589516328732
5,4,24,1.0,0.8952647125301469,0.0,0.2,stress_unobservable,0.0,True,225.867357127613,1.1531921664989269
5,4,24,1.0,0.8914585164816812,0.0,0.2,stress_unobservable,0.0,True,221.88937146613372,1.061681802053114
5,4,24,1.0,0.8746387196298068,0.0,0.2,stress_unobservable,0.0,True,239.23608647282867,1.1960074381764598
5,4,24,1.0,0.8459544121002507,0.0,0.2,stress_unobservable,0.0,True,245.5693085195561,1.0970906530399633
5,4,24,1.0,0.8948733218311522,0.0,0.2,stress_unobservable,0.0,True,250.84128214455552,1.2141986838237382
5,4,24,1.0,0.8995919498580603,0.0,0.2,stress_unobservable,0.0,True,226.4906042272827,1.1257869135462564
5,4,24,1.0,0.8961677968455627,0.0,0.2,stress_unobservable,0.0,True,197.16083630789313,1.0957799458623412
5,4,24,1.0,0.8754682212377943,0.0,0.2,stress_unobservable,0.0,True,200.94621498123865,1.0894380819452893
5,4,24,1.0,0.8400166374911333,0.0,0.2,stress_unobservable,0.0,True,236.66867407029235,1.1466946442939143
5,4,24,1.0,0.9125216578581349,0.0,0.2,stress_unobservable,0.0,True,268.6833687413522,1.2538248536814283
5,4,24,1.0,0.8760855179961814,0.0,0.2,stress_unobservable,0.0,True,223.51449711785008,1.0987607670283959
5,4,24,1.0,0.9203883417682248,0.0,0.2,stress_unobservable,0.0,True,284.6870290217601,1.3268332343206772
5,4,24,1.0,0.8716955655138188,0.0,0.2,stress_unobservable,0.0,True,267.4616973020069,1.2458276204465522
5,4,24,1.0,0.8891952997432462,0.0,0.2,stress_unobservable,0.0,True,233.74263537158373,1.1198345659996252
5,4,24,1.0,0.9101465897886594,0.0,0.2,stress_unobservable,0.0,True,259.4472755951649,1.2608958066620128
5,4,24,1.0,0.8959840821825467,0.0,0.2,stress_unobservable,0.0,True,224.1640344564231,1.0280281629112458
5,4,24,1.0,0.8471229491650555,0.0,0.2,stress_unobservable,0.0,True,232.21570048011125,1.1400431850497756
5,4,24,1.0,0.8517181321351598,0.0,0.2,stress_unobservable,0.0,True,233.71127323324384,0.9761903464730408
5,4,24,1.0,0.891728034763585,0.0,0.2,stress_unobservable,0.0,True,243.95327835928308,1.1438515614669869
5,4,24,1.0,0.8926394954043282,0.0,0.2,stress_unobservable,0.0,True,196.2793707485486,1.088967147696759
5,4,24,1.0,0.8861405154754133,0.0,0.2,stress_unobservable,0.0,True,257.88452731247423,1.1944914087203578
5,4,24,1.0,0.8707611802117107,0.0,0.2,stress_unobservable,0.0,True,194.39790509338792,1.0133866289413738
5,4,24,1.0,0.8352580636889283,0.0,0.2,stress_unobservable,0.0,True,220.29515499776562,1.0297496640536488
5,4,24,1.0,0.8705575268187383,0.0,0.2,stress_unobservable,0.0,True,201.0809782869391,1.0071986957991395
5,4,24,1.0,0.8688436041435232,0.0,0.2,stress_unobservable,0.0,True,173.89920746069566,1.0438274090855435
5,4,24,1.0,0.8827298427572122,0.0,0.2,stress_unobservable,0.0,True,239.70350781032656,1.1085711211701754
5,4,24,1.0,0.9085511634967556,0.0,0.2,stress_unobservable,0.0,True,227.8962630580229,1.0922601929239257
5,4,24,1.0,0.8535587203193602,0.0,0.2,stress_unobservable,0.0,True,207.82694003979833,1.13054678863662
5,4,24,1.0,0.8708772676177228,0.0,0.2,stress_unobservable,0.0,True,269.4035646527272,1.1702197619858472
5,4,24,1.0,0.8533968498823317,0.0,0.2,stress_unobservable,0.0,True,226.45523317938006,1.1454974367423327
5,4,24,1.0,0.8766593956913065,0.0,0.2,stress_unobservable,0.0,True,241.43388576237987,1.21642749535616
5,4,24,1.0,0.9055134954534393,0.0,0.2,stress_unobservable,0.0,True,193.81673995312264,1.1589798148760666
5,4,24,1.0,0.7932657435137546,0.0,0.2,stress_unobservable,0.0,True,162.86558724337837,0.9727694160114974
5,4,24,1.0,0.8953154384396976,0.0,0.2,stress_unobservable,0.0,True,221.39702530114585,1.1241115211386914
5,4,24,1.0,0.8350182759570998,0.0,0.2,stress_unobservable,0.0,True,250.273076266487,1.0644013981747942
5,4,24,1.0,0.8832366941253819,0.0,0.2,stress_unobservable,0.0,True,269.1656794694288,1.0941320466039572
5,4,24,1.0,0.8630450832221437,0.0,0.2,stress_unobservable,0.0,True,193.85749773637863,1.0362782295849666
5,4,24,1.0,0.9012628780696061,0.0,0.2,stress_unobservable,0.0,True,183.24193655506605,1.0411109794199507
5,4,24,1.0,0.8872508152676997,0.0,0.2,stress_unobservable,0.0,True,224.36354046998787,1.1166134546436859
5,4,24,1.0,0.8587038736712552,0.0,0.2,stress_unobservable,0.0,True,203.47924979618807,0.9900651269867561
5,4,24,1.0,0.9203502682045133,0.5,0.2,stress_unobservable,0.0,True,273.74269703637265,0.9071616763257674
5,4,24,1.0,0.8649520567652679,0.5,0.2,stress_unobservable,0.0,True,205.95321786409778,0.7437426511817059
5,4,24,1.0,0.9008712709368533,0.5,0.2,stress_unobservable,0.0,True,260.03222842763665,0.7970369228402457
5,4,24,1.0,0.8015657811882171,0.5,0.2,stress_unobservable,0.0,True,194.89390647906106,0.736979828765654
5,4,24,1.0,0.8970544930351574,0.5,0.2,stress_unobservable,0.0,True,247.91127664370993,0.8499157050294935
5,4,24,1.0,0.8782492036415834,0.5,0.2,stress_unobservable,0.0,True,240.93627088251412,0.8000353684935118
5,4,24,1.0,0.826368628865409,0.5,0.2,stress_unobservable,0.0,True,248.92363032546388,0.7598874640829482
5,4,24,1.0,0.8224111622212399,0.5,0.2,stress_unobservable,0.0,True,197.49054571089223,0.8012880406504832
5,4,24,1.0,0.8861311693830968,0.5,0.2,stress_unobservable,0.0,True,232.96133690370522,0.7541801909494787
5,4,24,1.0,0.8842721596829634,0.5,0.2,stress_unobservable,0.0,True,228.5738546840691,0.6965591319131996
5,4,24,1.0,0.8685062417143369,0.5,0.2,stress_unobservable,0.0,True,208.8834194089714,0.7455596356424046
5,4,24,1.0,0.8818098970313455,0.5,0.2,stress_unobservable,0.0,True,246.39779938525916,0.8554914560958788
5,4,24,1.0,0.8717086411042557,0.5,0.2,stress_unobservable,0.0,True,216.26098279838538,0.7560925793958876
5,4,24,1.0,0.8875729809409889,0.5,0.2,stress_unobservable,0.0,True,205.97444580414907,0.7757249291607473
5,4,24,1.0,0.8817286950769738,0.5,0.2,stress_unobservable,0.0,True,229.25258448118026,0.7974695012756003
5,4,24,1.0,0.8899318371782494,0.5,0.2,stress_unobservable,0.0,True,244.65187753076594,0.833762387445432
5,4,24,1.0,0.912439031295798,0.5,0.2,stress_unobservable,0.0,True,219.3679951173908,0.8158888146252541
5,4,24,1.0,0.8711237351203991,0.5,0.2,stress_unobservable,0.0,True,235.53317670892736,0.8569844342619325
5,4,24,1.0,0.8462456358100664,0.5,0.2,stress_unobservable,0.0,True,204.80530374043877,0.8044747693361873
5,4,24,1.0,0.819553675381762,0.5,0.2,stress_unobservable,0.0,True,199.00799884658443,0.6383344845693307
5,4,24,1.0,0.9039390272004989,0.5,0.2,stress_unobservable,0.0,True,240.46181086067108,0.8133550230518239
5,4,24,1.0,0.8510731713350561,0.5,0.2,stress_unobservable,0.0,True,227.42986409633647,0.7148632351236924
5,4,24,1.0,0.8985627700615332,0.5,0.2,stress_unobservable,0.0,True,209.38360162946486,0.7780786842143681
5,4,24,1.0,0.9090732367037693,0.5,0.2,stress_unobservable,0.0,True,237.41467422432862,0.8491636509844008
5,4,24,1.0,0.8865352785362571,0.5,0.2,stress_unobservable,0.0,True,199.45238705637405,0.7879134208475344
5,4,24,1.0,0.901359869087109,0.5,0.2,stress_unobservable,0.0,True,253.47009015710722,0.9420342736619217
5,4,24,1.0,0.8239246901298145,0.5,0.2,stress_unobservable,0.0,True,223.61366194592415,0.7555693003588113
5,4,24,1.0,0.8634572683466001,0.5,0.2,stress_unobservable,0.0,True,224.06232014644644,0.688647025760437
5,4,24,1.0,0.9041220264975036,0.5,0.2,stress_unobservable,0.0,True,233.2595292744768,0.7980292516642012
5,4,24,1.0,0.8462696827533918,0.5,0.2,stress_unobservable,0.0,True,219.8208779579095,0.7447788638977266
5,4,24,1.0,0.8720903482846899,0.5,0.2,stress_unobservable,0.0,True,245.86473856899,0.8978893022245589
5,4,24,1.0,0.8950138233302902,0.5,0.2,stress_unobservable,0.0,True,252.64652069557428,0.8061396325158321
5,4,24,1.0,0.8557735929651558,0.5,0.2,stress_unobservable,0.0,True,255.67036298369464,0.8738627096469787
5,4,24,1.0,0.8386527515919214,0.5,0.2,stress_unobservable,0.0,True,152.4597955313205,0.5420338722766836
5,4,24,1.0,0.9080189930796826,0.5,0.2,stress_unobservable,0.0,True,251.42010655569052,0.9026963752027809
5,4,24,1.0,0.8824324910008832,0.5,0.2,stress_unobservable,0.0,True,244.0579428324276,0.8681754123249665
5,4,24,1.0,0.9146632139831965,0.5,0.2,stress_unobservable,0.0,True,184.80007403714302,0.7001242505461074
5,4,24,1.0,0.8670422452518408,0.5,0.2,stress_unobservable,0.0,True,202.69435955780642,0.8298042544157089
5,4,24,1.0,0.9347251023650647,0.5,0.2,stress_unobservable,0.0,True,262.2644028789394,0.9023997763060954
5,4,24,1.0,0.8761337429362965,0.5,0.2,stress_unobservable,0.0,True,160.75170488681093,0.6354742703383494
5,4,24,1.0,0.9208174277922306,0.5,0.2,stress_unobservable,0.0,True,213.09866793376165,0.7548232743974342
5,4,24,1.0,0.9251294640292601,0.5,0.2,stress_unobservable,0.0,True,246.3236303911321,0.8354302096503061
5,4,24,1.0,0.8617760892811616,0.5,0.2,stress_unobservable,0.0,True,218.62866339757215,0.7489217564290437
5,4,24,1.0,0.8785915051145784,0.5,0.2,stress_unobservable,0.0,True,210.73739641410862,0.8384056879955696
5,4,24,1.0,0.8801095596955638,0.5,0.2,stress_unobservable,0.0,True,253.14942511641036,0.838946338951337
5,4,24,1.0,0.8355892349725629,0.5,0.2,stress_unobservable,0.0,True,226.95783752193987,0.6870465829782407
5,4,24,1.0,0.8911417893006806,0.5,0.2,stress_unobservable,0.0,True,243.39011718379655,0.8589176814003832
5,4,24,1.0,0.8941859472052809,0.5,0.2,stress_unobservable,0.0,True,214.89559954563072,0.7363775006525017
5,4,24,1.0,0.8537544332049012,0.5,0.2,stress_unobservable,0.0,True,226.86711127729592,0.8215578930859959
5,4,24,1.0,0.8264117775530286,0.5,0.2,stress_unobservable,0.0,True,234.53200885363486,0.7379164908840583
5,4,24,1.0,0.8438179075768507,1.0,0.2,stress_unobservable,0.0,True,227.64245312472033,0.49331079916206644
5,4,24,1.0,0.9063551105784893,1.0,0.2,stress_unobservable,0.0,True,259.8877131977437,0.574347400407597
5,4,24,1.0,0.8841298729623231,1.0,0.2,stress_unobservable,0.0,True,223.88118874979642,0.484742563282176
5,4,24,1.0,0.9281479504037792,1.0,0.2,stress_unobservable,0.0,True,233.02764866485302,0.5374489753370664
5,4,24,1.0,0.8983404060773864,1.0,0.2,stress_unobservable,0.0,True,193.6153940591384,0.55
5,4,24,1.0,0.8863570460731073,1.0,0.2,stress_unobservable,0.0,True,234.22267752007818,0.4769206712737179
5,4,24,1.0,0.8933993025328865,1.0,0.2,stress_unobservable,0.0,True,257.668334391318,0.5653757681073757
5,4,24,1.0,0.8748156459060189,1.0,0.2,stress_unobservable,0.0,True,258.43003908878586,0.4855945469690637
5,4,24,1.0,0.908266443855822,1.0,0.2,stress_unobservable,0.0,True,237.01078141840892,0.4567413977668208
5,4,24,1.0,0.8978805185732337,1.0,0.2,stress_unobservable,0.0,True,237.13719188176802,0.4357444305461897
5,4,24,1.0,0.872073674148609,1.0,0.2,stress_unobservable,0.0,True,242.9572073668194,0.5064478035020741
5,4,24,1.0,0.8260284362133274,1.0,0.2,stress_unobservable,0.0,True,227.2023675371631,0.5283776114240296
5,4,24,1.0,0.8674575802749998,1.0,0.2,stress_unobservable,0.0,True,232.29362556235284,0.5471968670640678
5,4,24,1.0,0.9250174531379804,1.0,0.2,stress_unobservable,0.0,True,229.22995555658628,0.5395972069191366
5,4,24,1.0,0.9034999246202544,1.0,0.2,stress_unobservable,0.0,True,237.8847289666259,0.5199766936090178
5,4,24,1.0,0.872354400722352,1.0,0.2,stress_unobservable,0.0,True,206.1298226785159,0.41442598483240567
5,4,24,1.0,0.7478872567269662,1.0,0.2,stress_unobservable,0.0,True,184.03701826061848,0.2750010099796235
5,4,24,1.0,0.8909874782618852,1.0,0.2,stress_unobservable,0.0,True,207.3295820240961,0.5175922018477633
5,4,24,1.0,0.872736925191724,1.0,0.2,stress_unobservable,0.0,True,231.22146924378796,0.5237164254364748
5,4,24,1.0,0.8192636075695835,1.0,0.2,stress_unobservable,0.0,True,208.69812931376075,0.2362577633142034
5,4,24,1.0,0.9030663829435484,1.0,0.2,stress_unobservable,0.0,True,199.48164409571217,0.49873356355385184
5,4,24,1.0,0.8329711617228541,1.0,0.2,stress_unobservable,0.0,True,196.04376890333018,0.4681278995172272
5,4,24,1.0,0.8919940174591823,1.0,0.2,stress_unobservable,0.0,True,246.06293911456225,0.5299407152256839
5,4,24,1.0,0.929855710068858,1.0,0.2,stress_unobservable,0.0,True,192.1429357964265,0.47542683428967175
5,4,24,1.0,0.9143711105578544,1.0,0.2,stress_unobservable,0.0,True,221.00077032047443,0.4960779261737438
5,4,24,1.0,0.8678035033996733,1.0,0.2,stress_unobservable,0.0,True,248.9194973213825,0.5368807038227617
5,4,24,1.0,0.8482346522145802,1.0,0.2,stress_unobservable,0.0,True,206.0209010677812,0.4008053654481073
5,4,24,1.0,0.8323995309327218,1.0,0.2,stress_unobservable,0.0,True,226.7870789757443,0.43394613377289104
5,4,24,1.0,0.8562037846766315,1.0,0.2,stress_unobservable,0.0,True,196.18573006652053,0.4364127694286837
5,4,24,1.0,0.9425730167441798,1.0,0.2,stress_unobservable,0.0,True,274.77697136615757,0.5212403526192759
5,4,24,1.0,0.9267054106504806,1.0,0.2,stress_unobservable,0.0,True,237.98193084411014,0.5660923967081395
5,4,24,1.0,0.8247534218197536,1.0,0.2,stress_unobservable,0.0,True,215.78892025571523,0.4758013221056483
5,4,24,1.0,0.89550489784146,1.0,0.2,stress_unobservable,0.0,True,171.3585589682825,0.377226861638004
5,4,24,1.0,0.835003193641977,1.0,0.2,stress_unobservable,0.0,True,201.99648158839884,0.55
5,4,24,1.0,0.8319025629843736,1.0,0.2,stress_unobservable,0.0,True,238.68083244587183,0.5356847040210897
5,4,24,1.0,0.9068872080854398,1.0,0.2,stress_unobservable,0.0,True,236.38677363617842,0.5063083546868495
5,4,24,1.0,0.9147849358100423,1.0,0.2,stress_unobservable,0.0,True,231.92207939977664,0.5484197997466927
5,4,24,1.0,0.9040564133714406,1.0,0.2,stress_unobservable,0.0,True,261.5161540944481,0.44895163098816804
5,4,24,1.0,0.8375163125860389,1.0,0.2,stress_unobservable,0.0,True,234.9869883285994,0.4447049393306609
5,4,24,1.0,0.899720584856242,1.0,0.2,stress_unobservable,0.0,True,248.50301554538942,0.561837917565969
5,4,24,1.0,0.8695616517884078,1.0,0.2,stress_unobservable,0.0,True,239.21758981908968,0.5180494765842916
5,4,24,1.0,0.8404486675376582,1.0,0.2,stress_unobservable,0.0,True,216.58244769687224,0.4955326870065936
5,4,24,1.0,0.9182178619696513,1.0,0.2,stress_unobservable,0.0,True,275.7539379014806,0.5870657560976223
5,4,24,1.0,0.8665626930994923,1.0,0.2,stress_unobservable,0.0,True,246.99993467677672,0.5367812688660496
5,4,24,1.0,0.8578246533622662,1.0,0.2,stress_unobservable,0.0,True,184.62156856964046,0.3567218346456944
5,4,24,1.0,0.9024427050209335,1.0,0.2,stress_unobservable,0.0,True,251.24004648109104,0.4553213884537911
5,4,24,1.0,0.8473717418262516,1.0,0.2,stress_unobservable,0.0,True,224.99032352976747,0.3973618387728586
5,4,24,1.0,0.7690695244680861,1.0,0.2,stress_unobservable,0.0,True,199.61676745916833,0.2829407250685728
5,4,24,1.0,0.87647236677735,1.0,0.2,stress_unobservable,0.0,True,213.24392437321737,0.55
5,4,24,1.0,0.8136902503591174,1.0,0.2,stress_unobservable,0.0,True,175.28042848868748,0.4934270597401763
5,4,24,1.0,0.8331464837602142,1.5,0.2,stress_unobservable,0.0,True,218.10083610764565,0.07618036828098346
5,4,24,1.0,0.8411289316323319,1.5,0.2,stress_unobservable,0.0,True,204.07533105814602,0.058238977847386186
5,4,24,1.0,0.8480702858053168,1.5,0.2,stress_unobservable,0.0,True,220.40357850818,0.11136494539644087
5,4,24,1.0,0.8412711754303185,1.5,0.2,stress_unobservable,0.0,True,241.0332175006026,0.09295488961107029
5,4,24,1.0,0.8552945826092084,1.5,0.2,stress_unobservable,0.0,True,185.55426778721306,0.2299881215979399
5,4,24,1.0,0.9243723179085351,1.5,0.2,stress_unobservable,0.0,True,258.6096997854085,0.18243144755090263
5,4,24,1.0,0.8871180039590331,1.5,0.2,stress_unobservable,0.0,True,219.12618362283877,0.21101794697756138
5,4,24,1.0,0.858404494775926,1.5,0.2,stress_unobservable,0.0,True,178.37708092965687,0.07073991831003701
5,4,24,1.0,0.7930352815590278,1.5,0.2,stress_unobservable,0.0,True,204.74515823208037,0.16383696295932704
5,4,24,1.0,0.8604459162113862,1.5,0.2,stress_unobservable,0.0,True,202.62319803553152,0.25980346550260824
5,4,24,1.0,0.8851009314172054,1.5,0.2,stress_unobservable,0.0,True,188.95978999324967,0.1423228631671996
5,4,24,1.0,0.8835920931262274,1.5,0.2,stress_unobservable,0.0,True,185.30740212282856,0.17826228433397573
5,4,24,1.0,0.9183182335153748,1.5,0.2,stress_unobservable,0.0,True,238.89311332244674,0.19387834598093434
5,4,24,1.0,0.8686366602291721,1.5,0.2,stress_unobservable,0.0,True,174.0250737868957,0.1587638210536645
5,4,24,1.0,0.8573809827129849,1.5,0.2,stress_unobservable,0.0,True,242.5132813130317,0.14988081472808112
5,4,24,1.0,0.8793776116531485,1.5,0.2,stress_unobservable,0.0,True,249.29930564351528,0.2607182643584036
5,4,24,1.0,0.844259732116967,1.5,0.2,stress_unobservable,0.0,True,230.63709285031257,0.16055655616695713
5,4,24,1.0,0.8846307347226209,1.5,0.2,stress_unobservable,0.0,True,212.88335001792848,0.16830950751576879
5,4,24,1.0,0.8928102485973427,1.5,0.2,stress_unobservable,0.0,True,264.3951890666383,0.19836761070643155
5,4,24,1.0,0.890320683164075,1.5,0.2,stress_unobservable,0.0,True,262.91382286465,0.24293651460795473
5,4,24,1.0,0.8925253418549731,1.5,0.2,stress_unobservable,0.0,True,265.4056218323609,0.2103058107647819
5,4,24,1.0,0.8918949770365374,1.5,0.2,stress_unobservable,0.0,True,210.43778275768153,0.16782118803678447
5,4,24,1.0,0.8738621515445658,1.5,0.2,stress_unobservable,0.0,True,256.41933041011504,0.20594694175327066
5,4,24,1.0,0.8884869522631146,1.5,0.2,stress_unobservable,0.0,True,183.26302387085138,0.1571937142449814
5,4,24,1.0,0.8906135617434152,1.5,0.2,stress_unobservable,0.0,True,228.52284024570662,0.22052775176429906
5,4,24,1.0,0.8558196201364111,1.5,0.2,stress_unobservable,0.0,True,220.69945189835863,0.0597198911121557
5,4,24,1.0,0.8319313294335274,1.5,0.2,stress_unobservable,0.0,True,220.01180843787313,0.06970674413744016
5,4,24,1.0,0.9104104381507468,1.5,0.2,stress_unobservable,0.0,True,241.103768651182,0.15562759803895254
5,4,24,1.0,0.928217154595735,1.5,0.2,stress_unobservable,0.0,True,253.74188795807666,0.3150131614563669
5,4,24,1.0,0.8459619197531109,1.5,0.2,stress_unobservable,0.0,True,216.49988636780722,0.13420280906402748
5,4,24,1.0,0.8583889450114466,1.5,0.2,stress_unobservable,0.0,True,154.66389325193384,0.13934478317650978
5,4,24,1.0,0.8763312561314152,1.5,0.2,stress_unobservable,0.0,True,209.26993733474796,0.09119218140072505
5,4,24,1.0,0.9128816490911243,1.5,0.2,stress_unobservable,0.0,True,241.1874982194065,0.14199578625623493
5,4,24,1.0,0.8810797861479512,1.5,0.2,stress_unobservable,0.0,True,211.42531014340307,0.08596194286026054
5,4,24,1.0,0.9373483097008508,1.5,0.2,stress_unobservable,0.0,True,249.3846382013272,0.2554190699522343
5,4,24,1.0,0.8917261678306576,1.5,0.2,stress_unobservable,0.0,True,274.03183809277766,0.30277093613714995
5,4,24,1.0,0.8647076191828635,1.5,0.2,stress_unobservable,0.0,True,260.0955907792287,0.20619215706190008
5,4,24,1.0,0.9028469601011594,1.5,0.2,stress_unobservable,0.0,True,266.53957168200424,0.2679845856692845
5,4,24,1.0,0.8503825661595006,1.5,0.2,stress_unobservable,0.0,True,261.6760162976276,0.23443150332020946
5,4,24,1.0,0.8695807289043835,1.5,0.2,stress_unobservable,0.0,True,282.2598477460866,0.24199008004378147
5,4,24,1.0,0.8677171468243798,1.5,0.2,stress_unobservable,0.0,True,204.0050798206882,0.1402174682535649
5,4,24,1.0,0.8881999118912325,1.5,0.2,stress_unobservable,0.0,True,219.80606757234324,0.10574885197289019
5,4,24,1.0,0.8641140469820623,1.5,0.2,stress_unobservable,0.0,True,200.58873735947014,0.10208411523492883
5,4,24,1.0,0.8866284214156052,1.5,0.2,stress_unobservable,0.0,True,229.88974557399953,0.16218892898439352
5,4,24,1.0,0.8535026223163165,1.5,0.2,stress_unobservable,0.0,True,224.94903357775473,0.14125655127755649
5,4,24,1.0,0.8669720354229445,1.5,0.2,stress_unobservable,0.0,True,149.6391978944745,0.02236378836698949
5,4,24,1.0,0.882841190235838,1.5,0.2,stress_unobservable,0.0,True,186.92720588358875,0.0358193032325953
5,4,24,1.0,0.9079266044199366,1.5,0.2,stress_unobservable,0.0,True,247.77008525338522,0.12553123569280528
5,4,24,1.0,0.9344736609612521,1.5,0.2,stress_unobservable,0.0,True,258.41481957547694,0.2404448814596733
5,4,24,1.0,0.8735446950458261,1.5,0.2,stress_unobservable,0.0,True,210.43716705001566,0.16534804956600446
5,4,24,1.0,0.9064372879422333,2.0,0.2,feasible_hard,0.001953125,True,297.6350886158897,0.0
5,4,24,1.0,0.925952094331115,2.0,0.2,stress_unobservable,0.0,True,271.43748237508976,0.016953309167074826
5,4,24,1.0,0.8484772567197413,2.0,0.2,feasible_hard,0.0107421875,True,230.06711076831698,0.0
5,4,24,1.0,0.7968746234276824,2.0,0.2,feasible_hard,0.0205078125,True,168.41645188493231,0.0
5,4,24,1.0,0.8798467283812539,2.0,0.2,feasible_hard,0.017578125,True,194.02874264942494,0.0
5,4,24,1.0,0.8698526152081907,2.0,0.2,feasible_hard,0.00390625,True,259.94255977670406,0.0
5,4,24,1.0,0.8619220832851155,2.0,0.2,feasible_hard,0.0107421875,True,216.53590628670696,0.0
5,4,24,1.0,0.8703587765947746,2.0,0.2,feasible_hard,0.0048828125,True,271.06044117216925,0.0
5,4,24,1.0,0.8736375925713122,2.0,0.2,feasible_hard,0.005859375,True,224.9919063480894,0.0
5,4,24,1.0,0.8570362922487181,2.0,0.2,feasible_hard,0.0048828125,True,267.03229679065834,0.0
5,4,24,1.0,0.8725390588366349,2.0,0.2,feasible_hard,0.00390625,True,258.45600188188354,0.0
5,4,24,1.0,0.82063862911766,2.0,0.2,feasible_hard,0.009765625,True,208.48945239951576,0.0
5,4,24,1.0,0.880170999127961,2.0,0.2,feasible_hard,0.0068359375,True,211.55893745964272,0.0
5,4,24,1.0,0.8417722082824777,2.0,0.2,feasible_hard,0.0205078125,True,220.21496012192782,0.0
5,4,24,1.0,0.9090029112037387,2.0,0.2,feasible_hard,0.009765625,True,201.87615775691174,0.0
5,4,24,1.0,0.8819187978101223,2.0,0.2,feasible_hard,0.021484375,True,161.9001356283611,0.0
5,4,24,1.0,0.8870591954755541,2.0,0.2,feasible_hard,0.009765625,True,232.6339143590961,0.0
5,4,24,1.0,0.8408911829064883,2.0,0.2,feasible_hard,0.0283203125,True,161.90081393931737,0.0
5,4,24,1.0,0.9007067031286967,2.0,0.2,stress_unobservable,0.0,True,279.973594659813,0.00904279368862837
5,4,24,1.0,0.9489572166536071,2.0,0.2,stress_unobservable,0.0,True,278.7212771367367,0.014232856307472397
5,4,24,1.0,0.8937190612544187,2.0,0.2,feasible_hard,0.0009765625,True,296.9674883779076,0.0
5,4,24,1.0,0.8613672202159997,2.0,0.2,stress_unobservable,0.0,True,258.32442334119514,0.017608650250195423
5,4,24,1.0,0.8641722031913611,2.0,0.2,feasible_hard,0.0009765625,True,262.73318512842684,0.0
5,4,24,1.0,0.8672906359129128,2.0,0.2,stress_unobservable,0.0,True,251.81496822012258,0.01065600460444277
5,4,24,1.0,0.8721238713266881,2.0,0.2,feasible_hard,0.0029296875,True,233.10125647501386,0.0
5,4,24,1.0,0.9105762297514738,2.0,0.2,stress_unobservable,0.0,True,235.60132022095218,0.02533478668274336
5,4,24,1.0,0.8670719830194273,2.0,0.2,feasible_hard,0.00390625,True,252.13367134181067,0.0
5,4,24,1.0,0.8413928068197581,2.0,0.2,feasible_hard,0.02734375,True,157.93150487665247,0.0
5,4,24,1.0,0.8481297892005285,2.0,0.2,feasible_hard,0.005859375,True,260.08307696967034,0.0
5,4,24,1.0,0.9105946639015777,2.0,0.2,feasible_hard,0.001953125,True,288.9931407538228,0.0
5,4,24,1.0,0.8825990927097569,2.0,0.2,feasible_hard,0.0146484375,True,240.76687597290226,0.0
5,4,24,1.0,0.8561918396390709,2.0,0.2,feasible_hard,0.0078125,True,270.84379141256477,0.0
5,4,24,1.0,0.8672753718381013,2.0,0.2,feasible_hard,0.001953125,True,252.81419145771326,0.0
5,4,24,1.0,0.8728710683684888,2.0,0.2,feasible_hard,0.001953125,True,252.16030158876637,0.0
5,4,24,1.0,0.891998901800778,2.0,0.2,feasible_hard,0.00390625,True,275.4427211091333,0.0
5,4,24,1.0,0.7623358533488154,2.0,0.2,feasible_hard,0.01171875,True,201.52536931867286,0.0
5,4,24,1.0,0.8711180930992757,2.0,0.2,stress_unobservable,0.0,True,234.88797620266655,0.005364209761162642
5,4,24,1.0,0.8352682816906185,2.0,0.2,feasible_hard,0.0048828125,True,275.7818208384788,0.0
5,4,24,1.0,0.8889280073081738,2.0,0.2,feasible_hard,0.0078125,True,237.0225077318215,0.0
5,4,24,1.0,0.8569649905475283,2.0,0.2,feasible_hard,0.0029296875,True,219.06376007267676,0.0
5,4,24,1.0,0.9137275516879618,2.0,0.2,feasible_hard,0.001953125,True,282.9811279583908,0.0
5,4,24,1.0,0.8928845587390409,2.0,0.2,feasible_hard,0.0048828125,True,226.47758116625295,0.0
5,4,24,1.0,0.892510350548816,2.0,0.2,feasible_hard,0.01171875,True,212.9017680999354,0.0
5,4,24,1.0,0.8470703954835733,2.0,0.2,feasible_hard,0.0009765625,True,293.2011217686642,0.0
5,4,24,1.0,0.8956333845080456,2.0,0.2,feasible_hard,0.0009765625,True,282.4156810135971,0.0
5,4,24,1.0,0.8174901871647684,2.0,0.2,feasible_hard,0.0224609375,True,170.8889744642509,0.0
5,4,24,1.0,0.9194215065296114,2.0,0.2,stress_unobservable,0.0,True,286.08813883816515,0.0054968481222071874
5,4,24,1.0,0.8878631085526586,2.0,0.2,feasible_hard,0.0009765625,True,273.2480984745893,0.0
5,4,24,1.0,0.8690441144784327,2.0,0.2,feasible_hard,0.0087890625,True,252.79858999836918,0.0
5,4,24,1.0,0.8440298596919533,2.0,0.2,feasible_hard,0.0029296875,True,278.72944798851887,0.0
5,4,24,5.0,0.980696343854129,0.0,0.2,stress_unobservable,0.0,True,275.7094589105385,1.1656993624797363
5,4,24,5.0,0.9819880790363767,0.0,0.2,stress_unobservable,0.0,True,244.296910098568,1.1232255558158082
5,4,24,5.0,0.9684387596332942,0.0,0.2,stress_unobservable,0.0,True,253.16478284110045,1.239936209310538
5,4,24,5.0,0.9759233947332518,0.0,0.2,stress_unobservable,0.0,True,260.3162390943789,1.2157088144121915
5,4,24,5.0,0.9765610282692249,0.0,0.2,stress_unobservable,0.0,True,259.9809213560461,1.2477568048468348
5,4,24,5.0,0.963263732738031,0.0,0.2,stress_unobservable,0.0,True,251.2466550730419,1.1982086506204341
5,4,24,5.0,0.973176639102672,0.0,0.2,stress_unobservable,0.0,True,284.5929608952095,1.2870222876832158
5,4,24,5.0,0.9664129671230133,0.0,0.2,stress_unobservable,0.0,True,254.15986990780763,1.2092031127686904
5,4,24,5.0,0.9716947711154155,0.0,0.2,stress_unobservable,0.0,True,258.7780010962399,1.2333399612199065
5,4,24,5.0,0.9764339010187012,0.0,0.2,stress_unobservable,0.0,True,274.13821697144596,1.3143485510326003
5,4,24,5.0,0.9918198168450166,0.0,0.2,stress_unobservable,0.0,True,278.6395103780194,1.288535908639592
5,4,24,5.0,0.9701644357759197,0.0,0.2,stress_unobservable,0.0,True,274.532505845837,1.2054224994347553
5,4,24,5.0,0.9674703291393247,0.0,0.2,stress_unobservable,0.0,True,251.98037773013442,1.2543850889531178
5,4,24,5.0,0.9690766916441247,0.0,0.2,stress_unobservable,0.0,True,209.32446414275978,1.1923730727351571
5,4,24,5.0,0.9604462837144132,0.0,0.2,stress_unobservable,0.0,True,209.15399397300098,1.1383385184262564
5,4,24,5.0,0.9668485566526712,0.0,0.2,stress_unobservable,0.0,True,291.8940383882815,1.2652709320110551
5,4,24,5.0,0.9758451629817759,0.0,0.2,stress_unobservable,0.0,True,291.7211758796253,1.289956508433666
5,4,24,5.0,0.9781196343625834,0.0,0.2,stress_unobservable,0.0,True,243.09349752721772,1.259887619847744
5,4,24,5.0,0.9630987777567014,0.0,0.2,stress_unobservable,0.0,True,266.20818239295295,1.254450464056022
5,4,24,5.0,0.9669752841014799,0.0,0.2,stress_unobservable,0.0,True,267.6112883279278,1.1810165408470987
5,4,24,5.0,0.9755475546868402,0.0,0.2,stress_unobservable,0.0,True,260.2416144877928,1.2377163444470636
5,4,24,5.0,0.9835561245085319,0.0,0.2,stress_unobservable,0.0,True,304.506555661549,1.3330859643628088
5,4,24,5.0,0.9719505204939524,0.0,0.2,stress_unobservable,0.0,True,273.90962155903674,1.2990835213941658
5,4,24,5.0,0.9689013220872854,0.0,0.2,stress_unobservable,0.0,True,230.84124173481223,1.1660953531238207
5,4,24,5.0,0.9793493269401802,0.0,0.2,stress_unobservable,0.0,True,209.73754040358787,1.1636266193273033
5,4,24,5.0,0.9759552906199734,0.0,0.2,stress_unobservable,0.0,True,303.28386458709286,1.2636813001082436
5,4,24,5.0,0.9733319111137626,0.0,0.2,stress_unobservable,0.0,True,247.93912393266316,1.1910715162240129
5,4,24,5.0,0.9778446425844067,0.0,0.2,stress_unobservable,0.0,True,282.1218899656505,1.3143583997597614
5,4,24,5.0,0.9735738831133919,0.0,0.2,stress_unobservable,0.0,True,233.2749039557362,1.1917889090677052
5,4,24,5.0,0.9507457389920864,0.0,0.2,stress_unobservable,0.0,True,228.4693683193803,1.1635971216781897
5,4,24,5.0,0.9518058119159616,0.0,0.2,stress_unobservable,0.0,True,257.86243539725496,1.181106125498251
5,4,24,5.0,0.9775341597031569,0.0,0.2,stress_unobservable,0.0,True,272.32296620185105,1.255792030362458
5,4,24,5.0,0.9754847713060395,0.0,0.2,stress_unobservable,0.0,True,226.88844859774554,1.070269205497704
5,4,24,5.0,0.9773451387078194,0.0,0.2,stress_unobservable,0.0,True,308.90481683688273,1.3569786788329419
5,4,24,5.0,0.9740413601886116,0.0,0.2,stress_unobservable,0.0,True,223.2242634244797,1.1238426235535086
5,4,24,5.0,0.9737115369305118,0.0,0.2,stress_unobservable,0.0,True,248.9855643532003,1.2756133999673724
5,4,24,5.0,0.970316073110515,0.0,0.2,stress_unobservable,0.0,True,200.18728918426564,1.1414493331295024
5,4,24,5.0,0.9485300793682444,0.0,0.2,stress_unobservable,0.0,True,237.83445479814475,1.1872463643647997
5,4,24,5.0,0.9691678010300894,0.0,0.2,stress_unobservable,0.0,True,296.9000619840755,1.321008411434336
5,4,24,5.0,0.97162739470621,0.0,0.2,stress_unobservable,0.0,True,245.30158367198436,1.2582007805308797
5,4,24,5.0,0.9775275479572473,0.0,0.2,stress_unobservable,0.0,True,276.9295388035307,1.3175815931575545
5,4,24,5.0,0.9719550026030129,0.0,0.2,stress_unobservable,0.0,True,281.68179905974534,1.2628586317341337
5,4,24,5.0,0.9628436322240549,0.0,0.2,stress_unobservable,0.0,True,278.8732808303337,1.293584141592491
5,4,24,5.0,0.9526017449553041,0.0,0.2,stress_unobservable,0.0,True,207.9545474652353,1.1039665342739038
5,4,24,5.0,0.9734503863768923,0.0,0.2,stress_unobservable,0.0,True,272.6118307270985,1.1481416444412664
5,4,24,5.0,0.9757122475016852,0.0,0.2,stress_unobservable,0.0,True,253.8690913794102,1.1971487512651053
5,4,24,5.0,0.9773704466146366,0.0,0.2,stress_unobservable,0.0,True,248.18221779052422,1.2468889797348304
5,4,24,5.0,0.977698274910893,0.0,0.2,stress_unobservable,0.0,True,297.0637448079936,1.2076215590077055
5,4,24,5.0,0.9780731327399789,0.0,0.2,stress_unobservable,0.0,True,225.9628789507921,1.1771181066738148
5,4,24,5.0,0.984986158491802,0.0,0.2,stress_unobservable,0.0,True,262.2365599523666,1.246791222356086
5,4,24,5.0,0.9761035513235199,0.5,0.2,stress_unobservable,0.0,True,265.5592041242988,0.9312730780357511
5,4,24,5.0,0.9810295082531656,0.5,0.2,stress_unobservable,0.0,True,282.31862318099206,0.9413910404323379
5,4,24,5.0,0.9795044004824272,0.5,0.2,stress_unobservable,0.0,True,271.57260923076296,0.8786426773047519
5,4,24,5.0,0.9858830421985042,0.5,0.2,stress_unobservable,0.0,True,250.17400022959427,0.947189719496089
5,4,24,5.0,0.9612703163098274,0.5,0.2,stress_unobservable,0.0,True,263.0835739392181,0.9104382542849018
5,4,24,5.0,0.9703180530211016,0.5,0.2,stress_unobservable,0.0,True,269.36140204228934,0.97355083928919
5,4,24,5.0,0.9747326875103761,0.5,0.2,stress_unobservable,0.0,True,256.19795173290737,0.9024957361765097
5,4,24,5.0,0.9660127956696846,0.5,0.2,stress_unobservable,0.0,True,302.0967480456197,0.9897963944029725
5,4,24,5.0,0.9750043646628707,0.5,0.2,stress_unobservable,0.0,True,213.99967336487182,0.8640594213880797
5,4,24,5.0,0.9848938368957658,0.5,0.2,stress_unobservable,0.0,True,269.47182321608466,0.903981019450849
5,4,24,5.0,0.9664855253210527,0.5,0.2,stress_unobservable,0.0,True,230.65734938081215,0.8741660409134144
5,4,24,5.0,0.9638222082630348,0.5,0.2,stress_unobservable,0.0,True,257.96089026288575,0.9121653821855029
5,4,24,5.0,0.9723069423887221,0.5,0.2,stress_unobservable,0.0,True,254.81579480845022,0.9169288103695408
5,4,24,5.0,0.9725910838068114,0.5,0.2,stress_unobservable,0.0,True,255.3409025965141,0.9307451263166189
5,4,24,5.0,0.9733276387529665,0.5,0.2,stress_unobservable,0.0,True,219.33310353988693,0.8506291560002728
5,4,24,5.0,0.9799912588145856,0.5,0.2,stress_unobservable,0.0,True,312.45465314717524,0.9766635715219774
5,4,24,5.0,0.9753494840943697,0.5,0.2,stress_unobservable,0.0,True,265.92795506502966,0.9692818279660821
5,4,24,5.0,0.981884996047801,0.5,0.2,stress_unobservable,0.0,True,267.49201281784894,0.8252136610513008
5,4,24,5.0,0.9835838241118198,0.5,0.2,stress_unobservable,0.0,True,270.39208017995634,0.9298260231364531
5,4,24,5.0,0.9800253752085633,0.5,0.2,stress_unobservable,0.0,True,257.40913215307046,0.921892886233622
5,4,24,5.0,0.9737987427799124,0.5,0.2,stress_unobservable,0.0,True,292.02095625042625,0.8815428885696674
5,4,24,5.0,0.9769710817930829,0.5,0.2,stress_unobservable,0.0,True,227.28150075609898,0.8271590448189732
5,4,24,5.0,0.9700058888338585,0.5,0.2,stress_unobservable,0.0,True,256.1746803955878,0.9424390270504073
5,4,24,5.0,0.9697553711179788,0.5,0.2,stress_unobservable,0.0,True,294.5184527027595,0.9802613859925734
5,4,24,5.0,0.9735058542462609,0.5,0.2,stress_unobservable,0.0,True,289.61181492516243,1.0050699194604102
5,4,24,5.0,0.9741745355553081,0.5,0.2,stress_unobservable,0.0,True,242.9692110631398,0.9173218524332959
5,4,24,5.0,0.954848098948372,0.5,0.2,stress_unobservable,0.0,True,282.27441012620466,0.8797022532091067
5,4,24,5.0,0.9550539714650068,0.5,0.2,stress_unobservable,0.0,True,262.645731934319,0.7977593715390096
5,4,24,5.0,0.963988028285592,0.5,0.2,stress_unobservable,0.0,True,225.2134152278366,0.8479591140911612
5,4,24,5.0,0.9787620879583963,0.5,0.2,stress_unobservable,0.0,True,228.51958711091396,0.877864941940268
5,4,24,5.0,0.9506012669863664,0.5,0.2,stress_unobservable,0.0,True,294.26952048103715,0.9699891168116305
5,4,24,5.0,0.9840696429395843,0.5,0.2,stress_unobservable,0.0,True,277.39442388466864,0.9385573308573266
5,4,24,5.0,0.9792163550134555,0.5,0.2,stress_unobservable,0.0,True,275.95783514439785,0.8925118312252774
5,4,24,5.0,0.9782551022458266,0.5,0.2,stress_unobservable,0.0,True,263.33437374025607,0.9003778766451834
5,4,24,5.0,0.9728686092842387,0.5,0.2,stress_unobservable,0.0,True,278.01760368076367,0.9171394911561709
5,4,24,5.0,0.9616770219124242,0.5,0.2,stress_unobservable,0.0,True,303.71189933541615,1.0397904023495221
5,4,24,5.0,0.9598256267485814,0.5,0.2,stress_unobservable,0.0,True,229.95482872914152,0.8611790855036976
5,4,24,5.0,0.9799509896874277,0.5,0.2,stress_unobservable,0.0,True,252.0159561988132,0.8550491268542553
5,4,24,5.0,0.984008159346058,0.5,0.2,stress_unobservable,0.0,True,265.98289316263106,0.9277045501198248
5,4,24,5.0,0.9688237710973054,0.5,0.2,stress_unobservable,0.0,True,272.7786099621336,0.8842251412098624
5,4,24,5.0,0.9586565170377093,0.5,0.2,stress_unobservable,0.0,True,255.95880279951396,0.8596912210732391
5,4,24,5.0,0.9746372813309635,0.5,0.2,stress_unobservable,0.0,True,251.89036610898083,0.9463113300116405
5,4,24,5.0,0.9671786940106437,0.5,0.2,stress_unobservable,0.0,True,291.6988752540437,0.9514224576551407
5,4,24,5.0,0.9665167640622874,0.5,0.2,stress_unobservable,0.0,True,206.77054068715773,0.8470038470826609
5,4,24,5.0,0.9681538455231127,0.5,0.2,stress_unobservable,0.0,True,306.7718718105498,0.9528405370379862
5,4,24,5.0,0.9749114037334017,0.5,0.2,stress_unobservable,0.0,True,229.72785670040284,0.8053104773088887
5,4,24,5.0,0.9643437482611986,0.5,0.2,stress_unobservable,0.0,True,272.944748284393,0.9315365546534032
5,4,24,5.0,0.9739274345964779,0.5,0.2,stress_unobservable,0.0,True,308.9144526596623,1.00369738546968
5,4,24,5.0,0.9726971640950631,0.5,0.2,stress_unobservable,0.0,True,287.25746252091176,0.8743009341725207
5,4,24,5.0,0.9810458168848336,0.5,0.2,stress_unobservable,0.0,True,290.2542310326745,0.9127862583893968
5,4,24,5.0,0.9665167261036735,1.0,0.2,stress_unobservable,0.0,True,245.3596093830805,0.5238320247682277
5,4,24,5.0,0.9727959186707655,1.0,0.2,stress_unobservable,0.0,True,286.19270638826225,0.610060734621214
5,4,24,5.0,0.9744242152794445,1.0,0.2,stress_unobservable,0.0,True,240.57835638567144,0.4900066842777522
5,4,24,5.0,0.9701043190143928,1.0,0.2,stress_unobservable,0.0,True,229.19688355856303,0.4913445723490658
5,4,24,5.0,0.9759198861127943,1.0,0.2,stress_unobservable,0.0,True,268.6299445506538,0.6065254508262038
5,4,24,5.0,0.9743920748504203,1.0,0.2,stress_unobservable,0.0,True,285.17507147140174,0.6376530980091825
5,4,24,5.0,0.9717663258486113,1.0,0.2,stress_unobservable,0.0,True,309.6234492179012,0.7039764087946385
5,4,24,5.0,0.978235279843781,1.0,0.2,stress_unobservable,0.0,True,270.89924299484176,0.625058579610786
5,4,24,5.0,0.9709150310263939,1.0,0.2,stress_unobservable,0.0,True,265.62799457908613,0.6396767027482362
5,4,24,5.0,0.9740855256086011,1.0,0.2,stress_unobservable,0.0,True,299.50293132856166,0.6682623227694469
5,4,24,5.0,0.9383209380799488,1.0,0.2,stress_unobservable,0.0,True,243.78902502706046,0.4462088952977028
5,4,24,5.0,0.978126785011405,1.0,0.2,stress_unobservable,0.0,True,260.2446603827458,0.6040865924166277
5,4,24,5.0,0.987455041209649,1.0,0.2,stress_unobservable,0.0,True,294.82694979215546,0.6601166276456559
5,4,24,5.0,0.9761136996093824,1.0,0.2,stress_unobservable,0.0,True,213.52779768872432,0.4959003881643406
5,4,24,5.0,0.9775974145590302,1.0,0.2,stress_unobservable,0.0,True,240.20391536882084,0.4763361426148086
5,4,24,5.0,0.9747923406152093,1.0,0.2,stress_unobservable,0.0,True,251.69251874517522,0.6036704017732986
5,4,24,5.0,0.9752722837175833,1.0,0.2,stress_unobservable,0.0,True,276.2206586901329,0.6578886039929039
5,4,24,5.0,0.972981166503445,1.0,0.2,stress_unobservable,0.0,True,244.30817777117088,0.5413489391211495
5,4,24,5.0,0.9766959565200464,1.0,0.2,stress_unobservable,0.0,True,242.81280142303763,0.5518395788739917
5,4,24,5.0,0.9669686079472074,1.0,0.2,stress_unobservable,0.0,True,285.0544651554425,0.6081113445058974
5,4,24,5.0,0.960171723673002,1.0,0.2,stress_unobservable,0.0,True,245.47999957039238,0.5538545021253535
5,4,24,5.0,0.9569193275663204,1.0,0.2,stress_unobservable,0.0,True,259.94173404055266,0.5363521523031874
5,4,24,5.0,0.9658995749901682,1.0,0.2,stress_unobservable,0.0,True,255.81471495143654,0.5606655170599164
5,4,24,5.0,0.9648080540360938,1.0,0.2,stress_unobservable,0.0,True,253.76479430522002,0.571425842567595
5,4,24,5.0,0.9690446335704339,1.0,0.2,stress_unobservable,0.0,True,232.50745965991086,0.48086847743372196
5,4,24,5.0,0.9769374741615071,1.0,0.2,stress_unobservable,0.0,True,284.8976942597808,0.6062492172806997
5,4,24,5.0,0.9693515148022963,1.0,0.2,stress_unobservable,0.0,True,271.6541025280636,0.6046040779840207
5,4,24,5.0,0.9673549402056512,1.0,0.2,stress_unobservable,0.0,True,280.00387413629085,0.6267054341190528
5,4,24,5.0,0.981706308860473,1.0,0.2,stress_unobservable,0.0,True,273.94518463421707,0.6386082016401713
5,4,24,5.0,0.97000341794062,1.0,0.2,stress_unobservable,0.0,True,282.80545828155573,0.6384055527689381
5,4,24,5.0,0.9676677588026783,1.0,0.2,stress_unobservable,0.0,True,222.89514431023483,0.47792039226415384
5,4,24,5.0,0.9723250181701556,1.0,0.2,stress_unobservable,0.0,True,271.87415573303696,0.6253473204111761
5,4,24,5.0,0.9711884602080849,1.0,0.2,stress_unobservable,0.0,True,315.94056641047223,0.6654343369036927
5,4,24,5.0,0.9795938049116317,1.0,0.2,stress_unobservable,0.0,True,293.16572730149807,0.657023514083116
5,4,24,5.0,0.9798376855256504,1.0,0.2,stress_unobservable,0.0,True,251.55984744337832,0.6123365091859965
5,4,24,5.0,0.974514533489319,1.0,0.2,stress_unobservable,0.0,True,275.51480717813416,0.6193541358566466
5,4,24,5.0,0.9753196378872515,1.0,0.2,stress_unobservable,0.0,True,262.22676340698206,0.6151742487344745
5,4,24,5.0,0.9758051155672014,1.0,0.2,stress_unobservable,0.0,True,250.63332807698663,0.5733448370838743
5,4,24,5.0,0.9794256642086786,1.0,0.2,stress_unobservable,0.0,True,263.4240230952918,0.5728887999060124
5,4,24,5.0,0.9760508899357426,1.0,0.2,stress_unobservable,0.0,True,257.9862139218052,0.5553221685969374
5,4,24,5.0,0.9761177382918382,1.0,0.2,stress_unobservable,0.0,True,302.1082131486563,0.6112622525476938
5,4,24,5.0,0.9682834586584192,1.0,0.2,stress_unobservable,0.0,True,281.3935867071636,0.5694154483473173
5,4,24,5.0,0.9814708174918769,1.0,0.2,stress_unobservable,0.0,True,273.3487089393344,0.6219669264500232
5,4,24,5.0,0.9610375504153894,1.0,0.2,stress_unobservable,0.0,True,228.5672147596307,0.5227079304606931
5,4,24,5.0,0.9614859095223665,1.0,0.2,stress_unobservable,0.0,True,260.00570675825844,0.6177285576426389
5,4,24,5.0,0.9710520261348795,1.0,0.2,stress_unobservable,0.0,True,244.32214007274928,0.5910926283695837
5,4,24,5.0,0.9635506639876222,1.0,0.2,stress_unobservable,0.0,True,304.25496674097917,0.6053761521076879
5,4,24,5.0,0.9487888044191236,1.0,0.2,stress_unobservable,0.0,True,235.97428966758048,0.5229464665651372
5,4,24,5.0,0.9798775900572175,1.0,0.2,stress_unobservable,0.0,True,288.1410289591081,0.644209543205434
5,4,24,5.0,0.9753069246751718,1.0,0.2,stress_unobservable,0.0,True,229.14193218108375,0.4858768508539887
5,4,24,5.0,0.9831371036860731,1.5,0.2,stress_unobservable,0.0,True,261.1878266183394,0.2629412280342394
5,4,24,5.0,0.9870235742483119,1.5,0.2,stress_unobservable,0.0,True,312.7897974334784,0.325973051506205
5,4,24,5.0,0.9538460020279571,1.5,0.2,stress_unobservable,0.0,True,323.14784254418305,0.35945161019162253
5,4,24,5.0,0.9702646169496751,1.5,0.2,stress_unobservable,0.0,True,218.58324829090077,0.18541978701001638
5,4,24,5.0,0.9623086430316025,1.5,0.2,stress_unobservable,0.0,True,236.00929847702804,0.1892654936361181
5,4,24,5.0,0.9664257593805448,1.5,0.2,stress_unobservable,0.0,True,272.56011327116494,0.23940098717542135
5,4,24,5.0,0.9846530304007685,1.5,0.2,stress_unobservable,0.0,True,294.4344585853943,0.3147234426953045
5,4,24,5.0,0.9561567592537833,1.5,0.2,stress_unobservable,0.0,True,226.39780107321695,0.13934710178377363
5,4,24,5.0,0.9674690642724723,1.5,0.2,stress_unobservable,0.0,True,281.3734387283847,0.29829105362583297
5,4,24,5.0,0.9807262679191489,1.5,0.2,stress_unobservable,0.0,True,271.64913552863015,0.26225274092910894
5,4,24,5.0,0.9526511122094002,1.5,0.2,stress_unobservable,0.0,True,224.46000666267014,0.2146779258892566
5,4,24,5.0,0.9661075256991586,1.5,0.2,stress_unobservable,0.0,True,252.31392287004172,0.22519156729339385
5,4,24,5.0,0.9818636135991302,1.5,0.2,stress_unobservable,0.0,True,295.9005221572524,0.32917954650924935
5,4,24,5.0,0.9640339258614572,1.5,0.2,stress_unobservable,0.0,True,224.87022449912632,0.288121719111889
5,4,24,5.0,0.9681148965118304,1.5,0.2,stress_unobservable,0.0,True,251.91883223433138,0.29630340547397094
5,4,24,5.0,0.9705946074622803,1.5,0.2,stress_unobservable,0.0,True,250.27911291530893,0.22874962169558333
5,4,24,5.0,0.9580262325548259,1.5,0.2,stress_unobservable,0.0,True,235.5088586657455,0.22912440028258807
5,4,24,5.0,0.9697263911298317,1.5,0.2,stress_unobservable,0.0,True,265.30063373357103,0.2571097304753156
5,4,24,5.0,0.9604777763882084,1.5,0.2,stress_unobservable,0.0,True,310.1687114318774,0.3427742159607873
5,4,24,5.0,0.9735942148545513,1.5,0.2,stress_unobservable,0.0,True,239.97498966014209,0.29315606644329145
5,4,24,5.0,0.9749068942738979,1.5,0.2,stress_unobservable,0.0,True,266.8856458947087,0.2931140025255522
5,4,24,5.0,0.960495566908705,1.5,0.2,stress_unobservable,0.0,True,270.99729460067067,0.19946144225254875
5,4,24,5.0,0.9796607495950344,1.5,0.2,stress_unobservable,0.0,True,210.18150748300235,0.20176132899551003
5,4,24,5.0,0.9828970051167834,1.5,0.2,stress_unobservable,0.0,True,294.88130038330786,0.2808044128475529
5,4,24,5.0,0.9714966501818104,1.5,0.2,stress_unobservable,0.0,True,255.5644273611432,0.2080547391364609
5,4,24,5.0,0.9612574392340245,1.5,0.2,stress_unobservable,0.0,True,269.975087921605,0.28082178977097744
5,4,24,5.0,0.9898648534352051,1.5,0.2,stress_unobservable,0.0,True,320.50703947245717,0.3257457835193551
5,4,24,5.0,0.9540476367799301,1.5,0.2,stress_unobservable,0.0,True,226.76541576150248,0.2151073446278875
5,4,24,5.0,0.9679845516092449,1.5,0.2,stress_unobservable,0.0,True,271.3350074978248,0.2854073760617695
5,4,24,5.0,0.9541713185444268,1.5,0.2,stress_unobservable,0.0,True,290.7131321569261,0.3098184197987849
5,4,24,5.0,0.9500497464582198,1.5,0.2,stress_unobservable,0.0,True,274.3168695185669,0.3016309589862938
5,4,24,5.0,0.9767550047823342,1.5,0.2,stress_unobservable,0.0,True,292.6431736735626,0.3766074773343116
5,4,24,5.0,0.9706384241165112,1.5,0.2,stress_unobservable,0.0,True,243.0958637647267,0.2068747474842082
5,4,24,5.0,0.9662450898283108,1.5,0.2,stress_unobservable,0.0,True,279.6181889285999,0.23883304597766863
5,4,24,5.0,0.9719576185523953,1.5,0.2,stress_unobservable,0.0,True,261.23763042442505,0.23067190387393466
5,4,24,5.0,0.9783270074146583,1.5,0.2,stress_unobservable,0.0,True,267.92503050006087,0.26009466527817815
5,4,24,5.0,0.9614001459583549,1.5,0.2,stress_unobservable,0.0,True,247.47096993610572,0.1728880091167725
5,4,24,5.0,0.9659249193749463,1.5,0.2,stress_unobservable,0.0,True,264.6206371301323,0.27336907708718744
5,4,24,5.0,0.9761779854522897,1.5,0.2,stress_unobservable,0.0,True,282.63788599663843,0.2667894906531538
5,4,24,5.0,0.9717775746848203,1.5,0.2,stress_unobservable,0.0,True,237.74126245428255,0.19738713186583845
5,4,24,5.0,0.9757370247481362,1.5,0.2,stress_unobservable,0.0,True,266.1459057627846,0.2833096500313951
5,4,24,5.0,0.9520954040598969,1.5,0.2,stress_unobservable,0.0,True,233.49202898164532,0.22705262429757056
5,4,24,5.0,0.9734128261867552,1.5,0.2,stress_unobservable,0.0,True,272.9166404205302,0.255895755057497
5,4,24,5.0,0.9714016828041723,1.5,0.2,stress_unobservable,0.0,True,237.4822705425863,0.22882624879939584
5,4,24,5.0,0.9669029317134232,1.5,0.2,stress_unobservable,0.0,True,244.43585011268468,0.24301214199832388
5,4,24,5.0,0.9571072995252359,1.5,0.2,stress_unobservable,0.0,True,260.43039499717213,0.2366931395304669
5,4,24,5.0,0.9727455427205808,1.5,0.2,stress_unobservable,0.0,True,246.46922761414152,0.18195590149627283
5,4,24,5.0,0.9734929615339531,1.5,0.2,stress_unobservable,0.0,True,299.52286422145806,0.30093210250187735
5,4,24,5.0,0.9691557740360351,1.5,0.2,stress_unobservable,0.0,True,294.85353973990556,0.3527024710771566
5,4,24,5.0,0.978413799583448,1.5,0.2,stress_unobservable,0.0,True,263.0874669005219,0.19494271732837076
5,4,24,5.0,0.9728992422198764,2.0,0.2,stress_unobservable,0.0,True,266.0417100047937,0.012789743737430082
5,4,24,5.0,0.9721238596212856,2.0,0.2,stress_unobservable,0.0,True,249.383150049117,0.015349585500839313
5,4,24,5.0,0.9670264241321017,2.0,0.2,feasible_hard,0.0009765625,True,300.81964419559773,0.0
5,4,24,5.0,0.9634145805178204,2.0,0.2,feasible_hard,0.001953125,True,284.39184211521217,0.0
5,4,24,5.0,0.9816785282828582,2.0,0.2,feasible_hard,0.001953125,True,285.45154858136976,0.0
5,4,24,5.0,0.9875402849862583,2.0,0.2,stress_unobservable,0.0,True,268.00907509337196,0.020072875632620002
5,4,24,5.0,0.964469048178433,2.0,0.2,feasible_hard,0.001953125,True,280.71470580136594,0.0
5,4,24,5.0,0.9849563473642784,2.0,0.2,stress_unobservable,0.0,True,252.90995931054346,0.0030848117118423835
5,4,24,5.0,0.9766432287655459,2.0,0.2,stress_unobservable,0.0,True,281.26640942588597,0.03782764942498562
5,4,24,5.0,0.9769847562916357,2.0,0.2,stress_unobservable,0.0,True,282.8208274236675,0.029916600190815434
5,4,24,5.0,0.9751330025346882,2.0,0.2,stress_unobservable,0.0,True,271.78872512959856,0.022738942417289354
5,4,24,5.0,0.9504097870495297,2.0,0.2,stress_unobservable,0.0,True,239.66187852161318,0.030046010052407035
5,4,24,5.0,0.9722586191089464,2.0,0.2,feasible_hard,0.0009765625,True,308.4545972720471,0.0
5,4,24,5.0,0.9793985061172994,2.0,0.2,feasible_hard,0.0009765625,True,296.91188612246486,0.0
5,4,24,5.0,0.973274114836096,2.0,0.2,feasible_hard,0.0009765625,True,300.98314692132,0.0
5,4,24,5.0,0.971160827529894,2.0,0.2,feasible_hard,0.0068359375,True,263.8523190255106,0.0
5,4,24,5.0,0.9903604611959436,2.0,0.2,feasible_hard,0.0048828125,True,262.77458190799075,0.0
5,4,24,5.0,0.9820542100184708,2.0,0.2,stress_unobservable,0.0,True,299.3395897500069,0.03895948818865469
5,4,24,5.0,0.9613672174835528,2.0,0.2,feasible_hard,0.0166015625,True,231.96608829061825,0.0
5,4,24,5.0,0.9795981859512762,2.0,0.2,feasible_hard,0.001953125,True,291.85303453564626,0.0
5,4,24,5.0,0.9656665490194147,2.0,0.2,feasible_hard,0.0087890625,True,209.39900607222563,0.0
5,4,24,5.0,0.9707898684516792,2.0,0.2,stress_unobservable,0.0,True,273.0137657701231,0.00577272108633009
5,4,24,5.0,0.9826179215188569,2.0,0.2,stress_unobservable,0.0,True,286.39401202062004,0.006562722753507333
5,4,24,5.0,0.9721675676760115,2.0,0.2,feasible_hard,0.0009765625,True,295.0750169091467,0.0
5,4,24,5.0,0.9787534695461902,2.0,0.2,feasible_hard,0.0068359375,True,260.2062743578731,0.0
5,4,24,5.0,0.9699394085647562,2.0,0.2,feasible_hard,0.0009765625,True,292.4743368028812,0.0
5,4,24,5.0,0.9865087220489054,2.0,0.2,stress_unobservable,0.0,True,261.36397177964255,0.003670253229640985
5,4,24,5.0,0.9765255864110391,2.0,0.2,feasible_hard,0.0009765625,True,288.0084191955947,0.0
5,4,24,5.0,0.9775020447700634,2.0,0.2,feasible_hard,0.0029296875,True,276.4924631837764,0.0
5,4,24,5.0,0.9741059023348452,2.0,0.2,feasible_hard,0.0048828125,True,257.0384554829076,0.0
5,4,24,5.0,0.9401349151942782,2.0,0.2,stress_unobservable,0.0,True,280.15305362632216,0.038603098759737664
5,4,24,5.0,0.9836468491619582,2.0,0.2,stress_unobservable,0.0,True,285.81767983396026,0.056550247068523185
5,4,24,5.0,0.974151652849636,2.0,0.2,stress_unobservable,0.0,True,271.1344522025415,0.018072086264232512
5,4,24,5.0,0.9712232748849907,2.0,0.2,stress_unobservable,0.0,True,254.71508844931589,6.314727869416448e-05
5,4,24,5.0,0.9716970672988399,2.0,0.2,stress_unobservable,0.0,True,285.1601094789069,0.01172580836540782
5,4,24,5.0,0.9765409581805861,2.0,0.2,feasible_hard,0.0029296875,True,274.6648422196392,0.0
5,4,24,5.0,0.9837216159561525,2.0,0.2,feasible_hard,0.0009765625,True,295.9733912315647,0.0
5,4,24,5.0,0.9682195281056639,2.0,0.2,feasible_hard,0.0009765625,True,289.20338104174573,0.0
5,4,24,5.0,0.9698426328827237,2.0,0.2,feasible_hard,0.0009765625,True,262.77401267080216,0.0
5,4,24,5.0,0.9588747304645516,2.0,0.2,feasible_hard,0.0009765625,True,283.1396512740199,0.0
5,4,24,5.0,0.970898776619975,2.0,0.2,feasible_hard,0.0029296875,True,280.83649103813696,0.0
5,4,24,5.0,0.9599041488729376,2.0,0.2,stress_unobservable,0.0,True,290.3954645113428,0.025232590897523888
5,4,24,5.0,0.9669330666904552,2.0,0.2,stress_unobservable,0.0,True,295.3833487926491,0.020406196610583793
5,4,24,5.0,0.9586015607634704,2.0,0.2,feasible_hard,0.001953125,True,299.70611522522495,0.0
5,4,24,5.0,0.9786897056736202,2.0,0.2,feasible_hard,0.01171875,True,243.77363689110388,0.0
5,4,24,5.0,0.9637486815994161,2.0,0.2,feasible_hard,0.001953125,True,243.0214025512501,0.0
5,4,24,5.0,0.9808799480613221,2.0,0.2,feasible_hard,0.001953125,True,289.19455813439356,0.0
5,4,24,5.0,0.9795566712823237,2.0,0.2,stress_unobservable,0.0,True,295.43096958855006,0.020041831472035088
5,4,24,5.0,0.9730008308670957,2.0,0.2,feasible_hard,0.001953125,True,271.4985243372815,0.0
5,4,24,5.0,0.9612865288683894,2.0,0.2,stress_unobservable,0.0,True,278.5572367046037,0.00915738898462759
